day of year,jimbaran_clim,jimbaran_p90,nusadua_clim,nusadua_p90,sanur_clim,sanur_p90
1,28.1192699427266,28.8412895079582,28.0671615202193,28.7859669346963,28.0286751899979,28.7504189460508
2,28.1133878132433,28.8352249760782,28.0610154608501,28.7802895084504,28.0215954431464,28.7437738172470
3,28.1077043399570,28.8296120674379,28.0551995501593,28.7759023974019,28.0148136813122,28.7382899438181
4,28.1020984368129,28.8245798172489,28.0495614849781,28.7725475434334,28.0082542254630,28.7329996232064
5,28.0972758085510,28.8214185160975,28.0446735857339,28.7699669007332,28.0023730401813,28.7291286283924
6,28.0934691672216,28.8198055759553,28.0408092412894,28.7679023988785,27.9974700021355,28.7257092568182
7,28.0908478446417,28.8192249175041,28.0380744014240,28.7677088706724,27.9937002525120,28.7239673429920
8,28.0902083595964,28.8211604456748,28.0372778842628,28.7719023919875,27.9919123402426,28.7282254188291
9,28.0916509858292,28.8274185303719,28.0386779431149,28.7785475577078,27.9924496586303,28.7364189455586
10,28.0952618086185,28.8350959777832,28.0422386299346,28.7869346618652,27.9951769311699,28.7455156818513
11,28.1001288982579,28.8439991858698,28.0470981535111,28.7959669420796,27.9991964184248,28.7553866540232
12,28.1060876531404,28.8536765806137,28.0530408282773,28.8057734089513,28.0043113549466,28.7653866614065
13,28.1133461902446,28.8643217394429,28.0603438283827,28.8166766382033,28.0108575652691,28.7755157163066
14,28.1218628865715,28.8767733912314,28.0689522880084,28.8290637477752,28.0187470731846,28.7859673223188
15,28.1313747593240,28.8895475695210,28.0785493009354,28.8431282781786,28.0276327026294,28.7986769830027
16,28.1416396362117,28.9025798182334,28.0890677023652,28.8580315128450,28.0375390492169,28.8120318197435
17,28.1537035098050,28.9165153134254,28.1016930788443,28.8748379799628,28.0497387400995,28.8263866793725
18,28.1670573211227,28.9310959231469,28.1158392741207,28.8923218204129,28.0634543637296,28.8429028172647
19,28.1807382881416,28.9454184624457,28.1304766313587,28.9093218218896,28.0776580284269,28.8588060379028
20,28.1945247206087,28.9597410386608,28.1451650931814,28.9259024773875,28.0918295495531,28.8744189293154
21,28.2084044531452,28.9737410514585,28.1599445000196,28.9421928036597,28.1061331265675,28.8900640795308
22,28.2226036783763,28.9878055818619,28.1750424110543,28.9585153887349,28.1207920991419,28.9053543829149
23,28.2365853271109,29.0016765594482,28.1898858522627,28.9746444209929,28.1351682231551,28.9203220982705
24,28.2499378970461,29.0153539842175,28.2040264274706,28.9901282771941,28.1488055336634,28.9349672255977
25,28.2629432901959,29.0289023737754,28.2177214427180,29.0054185805782,28.1619868797697,28.9496123529250
26,28.2761038243517,29.0419346840151,28.2315526801154,29.0201282870385,28.1753110695264,28.9642574802522
27,28.2896550490405,29.0543863358036,28.2456658198878,29.0345799230760,28.1889010804591,28.9792897132135
28,28.3031930300069,29.0671605387042,28.2596465215339,29.0490315591135,28.2024409552417,28.9945800165976
29,28.3170006170752,29.0794186007592,28.2737464175839,29.0630315719112,28.2162334074779,29.0094186967419
30,28.3315801273151,29.0927089198943,28.2883997137618,29.0772251375260,28.2306133169583,29.0249025529431
31,28.3466297911443,29.1058702038180,28.3034588376504,29.0914187031408,28.2454964900556,29.0410315852011
32,28.3620540646683,29.1197411814044,28.3188481094956,29.1069025593419,28.2607845435947,29.0579993217222
33,28.3779371402514,29.1363218369022,28.3346706419611,29.1227735211772,28.2766335658506,29.0758702678065
34,28.3944710533121,29.1540637477752,28.3512348257687,29.1409025746007,28.2934153281394,29.0965154094081
35,28.4115895836144,29.1723217994936,28.3683940336050,29.1605154960386,28.3109009027955,29.1186444559405
36,28.4290704260756,29.1905153336063,28.3860867765270,29.1801284174765,28.3291527244071,29.1405799496558
37,28.4467120857589,29.2088379398469,28.4041522367710,29.2005800431775,28.3480657884791,29.1639347691690
38,28.4643121233456,29.2281282732564,28.4224154090105,29.2220639136530,28.3674376555123,29.1868379654423
39,28.4815857966388,29.2476121348719,28.4404392471581,29.2418703879080,28.3867101933645,29.2082573183121
40,28.4978718622756,29.2650314577164,28.4574064204781,29.2610316491896,28.4048882268729,29.2271605091710
41,28.5128685506738,29.2821927347491,28.4730700271920,29.2793542185137,28.4218137768334,29.2451604904667
42,28.5274773856547,29.2984508022185,28.4883126710021,29.2978703406549,28.4383325534381,29.2623862604941
43,28.5418099928529,29.3145798344766,28.5033396305080,29.3162574521957,28.4546952439329,29.2807733474239
44,28.5559051583319,29.3297411272603,28.5180657673396,29.3343864687027,28.4706984602867,29.2993539871708
45,28.5695656442719,29.3430959640011,28.5322564769835,29.3511283812984,28.4860470555000,29.3178056101645
46,28.5828368576955,29.3559992390294,28.5459779784127,29.3656444734143,28.5007845451247,29.3342572304510
47,28.5959425238672,29.3689024525304,28.5593901423923,29.3793218612671,28.5151114779111,29.3502572274977
48,28.6083008626610,29.3807733843403,28.5718421319859,29.3909347226543,28.5283949899534,29.3667088231733
49,28.6202353998115,29.3927088952834,28.5835808500550,29.4022250575404,28.5408072510863,29.3813539505005
50,28.6320734461596,29.4045153710150,28.5950471247261,29.4135153924265,28.5528269296743,29.3956765267157
51,28.6439105454191,29.4161282939296,28.6065985383086,29.4246766921013,28.5649459363609,29.4098700923304
52,28.6561969879413,29.4279347696612,28.6187478142986,29.4360960621988,28.5777157787207,29.4241926685456
53,28.6693660343463,29.4412896064020,28.6319244289317,29.4484831717706,28.5916028290257,29.4389023134785
54,28.6834138995279,29.4549670311712,28.6460640550663,29.4617089733001,28.6065588407920,29.4534184425108
55,28.6985307261707,29.4688380087576,28.6612329109538,29.4749347748295,28.6225582724003,29.4681281489711
56,28.7144715046885,29.4832251271894,28.6771547715177,29.4883541291760,28.6393485474796,29.4828378554313
57,28.7310404159998,29.4987089833906,28.6937085494403,29.5028702212918,28.6569173677722,29.4978701499201
58,28.7481646205334,29.5151606036771,28.7109235714472,29.5185476303101,28.6751597287830,29.5143217702066
59,28.7666169874671,29.5328379969443,28.7295329742857,29.5353218140141,28.6946621404873,29.5310959785215
60,28.7859992571376,29.5538057265743,28.7492860719729,29.5535798657325,28.7152685160534,29.5491605389503
61,28.8059954705950,29.5770315108761,28.7697940652660,29.5737088664886,28.7366572195935,29.5680637667256
62,28.8264788670116,29.6012895768689,28.7907939701046,29.5943540080901,28.7585255378649,29.5874186177408
63,28.8473756581040,29.6259992661015,28.8121419968324,29.6156443257486,28.7806568409183,29.6066443966281
64,28.8683793451621,29.6490960151918,28.8335335389317,29.6383540307322,28.8026992201343,29.6292895840060
65,28.8892231615453,29.6712895793300,28.8547008832145,29.6606765931652,28.8243915849079,29.6521283242010
66,28.9097481818628,29.6935476610737,28.8756421378495,29.6829991925147,28.8458919148043,29.6753541085028
67,28.9299752178847,29.7165799294749,28.8965020366947,29.7072572585075,28.8674007583934,29.6992250688614
68,28.9498465648720,29.7394186327534,28.9171850369383,29.7306766202373,28.8887809482409,29.7225154322963
69,28.9693754651037,29.7617412321029,28.9375634297620,29.7524185611356,28.9097695008277,29.7449670668571
70,28.9881409558563,29.7825799511325,28.9573203107512,29.7735798435826,28.9301460014591,29.7665154795493
71,29.0067229261462,29.8032896718671,28.9770204330075,29.7955153372980,28.9505925047263,29.7889025965045
72,29.0256340994694,29.8236122869676,28.9972550361748,29.8170637253792,28.9715952472219,29.8116123014881
73,29.0449293418251,29.8439348774572,29.0179872272843,29.8375798317694,28.9929432737693,29.8345155592888
74,29.0646408175962,29.8644509838473,29.0392122766670,29.8577088325254,29.0147236142092,29.8561929825813
75,29.0845632481830,29.8847735374205,29.0607551766506,29.8777088595975,29.0367991025508,29.8770317016109
76,29.1050310386591,29.9057412670505,29.0828779651994,29.8983863215293,29.0594138021941,29.8974833334646
77,29.1258663436952,29.9265799614691,29.1053999589663,29.9203218152446,29.0824229763941,29.9192897919686
78,29.1467148919124,29.9477413054435,29.1277734350317,29.9423863441713,29.1050632162133,29.9410317328668
79,29.1680364322780,29.9696122815532,29.1503900290325,29.9647734611265,29.1276287240886,29.9618059342907
80,29.1895443323872,29.9910316344230,29.1730955445251,29.9868379900532,29.1502122049942,29.9829027360485
81,29.2114098146255,30.0129671281384,29.1960914775288,30.0094186352145,29.1730511017322,30.0043220889184
82,29.2335780124522,30.0350316570651,29.2193267440832,30.0334186307846,29.1961293325622,30.0267091443462
83,29.2555589043488,30.0592897230579,29.2422715934874,30.0576121791716,29.2188793074475,30.0498059180475
84,29.2767915219596,30.0823865336757,29.2642988378712,30.0819347627701,29.2407674905807,30.0736769399335
85,29.2972768120120,30.1051607562650,29.2854671292426,30.1054186544111,29.2617900979382,30.0980640042213
86,29.3167461147711,30.1261930035007,29.3056137587284,30.1284509474231,29.2818733435820,30.1220639997913
87,29.3354870104517,30.1474188035534,29.3251559037651,30.1524509429932,29.3014325132975,30.1460639953613
88,29.3542477720768,30.1681929803664,29.3447453474753,30.1763219033518,29.3209831691399,30.1707091054609
89,29.3730851589207,30.1892897452078,29.3644170909965,30.1998702756820,29.3406918049084,30.1967736398020
90,29.3915318537882,30.2098058885144,29.3837776061388,30.2245799279982,29.3603030044098,30.2229026548324
91,29.4100920668434,30.2288381515011,29.4032450172468,30.2495476876536,29.3802424602168,30.2486445642287
92,29.4288603961552,30.2475478264593,29.4228467577713,30.2729670862998,29.4004013845321,30.2755477905273
93,29.4476325087691,30.2663220190233,29.4423028166275,30.2961929321289,29.4203966532465,30.3015477703464
94,29.4658890609518,30.2868381254135,29.4611591214252,30.3176123219152,29.4398668998463,30.3263864947904
95,29.4835193714506,30.3068381524855,29.4794743232702,30.3369671483194,29.4590249717004,30.3469026011805
96,29.5008110192176,30.3254187922324,29.4975832996074,30.3543220150855,29.4782237216299,30.3653542057160
97,29.5186182284984,30.3446446080362,29.5162854072398,30.3725155491983,29.4981262839266,30.3831606711111
98,29.5367792342607,30.3640639397406,29.5351048178055,30.3903864952826,29.5180676317454,30.4020638988864
99,29.5547359070685,30.3841930020240,29.5535382667854,30.4099993921095,29.5375690978045,30.4208380914504
100,29.5728921820792,30.4047091084142,29.5721013149716,30.4306445337111,29.5572427322551,30.4441929109635
101,29.5914561762714,30.4279348927159,29.5910323511719,30.4538058004072,29.5773051664897,30.4687090227681
102,29.6099463832625,30.4508380889893,29.6098489231784,30.4765800229965,29.5971131308980,30.4919348070698
103,29.6279380568469,30.4738703204739,29.6280931751185,30.5000639146374,29.6163383689940,30.5152896265830
104,29.6455040376782,30.4988380432129,29.6459041662580,30.5240639102074,29.6351748080277,30.5396767277871
105,29.6628543342054,30.5238058028683,29.6633736568282,30.5491607050742,29.6535997445779,30.5641928642027
106,29.6798593465004,30.5499993724208,29.6804770521179,30.5750316865983,29.6715819600875,30.5891605992471
107,29.6961747361565,30.5763864578739,29.6969078525150,30.6012252192343,29.6887619802352,30.6144508854035
108,29.7113492688013,30.6031606489612,29.7121987419067,30.6261929788897,29.7046649226650,30.6384508809736
109,29.7253602410139,30.6289670759632,29.7265360776912,30.6510317033337,29.7196445847604,30.6616766652753
110,29.7378093933114,30.6532896595616,29.7396284988774,30.6750962165094,29.7335136607719,30.6837411695911
111,29.7484621210904,30.6736122500512,29.7510909898856,30.6943865253079,29.7457868619173,30.7017411754977
112,29.7572890990685,30.6914831961355,29.7609358471690,30.7081929852886,29.7564954044081,30.7130315103838
113,29.7645277684238,30.7072896403651,29.7692482103610,30.7194833201747,29.7656345591168,30.7219347553868
114,29.7700248805230,30.7198057482319,29.7759637515983,30.7299994437925,29.7731466211238,30.7298057186988
115,29.7738731417838,30.7285798964962,29.7812035581989,30.7385155462450,29.7791980836872,30.7346444160707
116,29.7761245810899,30.7347088844545,29.7849912786876,30.7451606996598,29.7838873288995,30.7383218580677
117,29.7771793508381,30.7409669691516,29.7874971894439,30.7512896876181,29.7872484126139,30.7423863441713
118,29.7772748929281,30.7463218073691,29.7888385928598,30.7558058584890,29.7893371480989,30.7459346894295
119,29.7764168830347,30.7516766455866,29.7890164356630,30.7604510399603,29.7900873151185,30.7488379201581
120,29.7742363869574,30.7561927549301,29.7876248905036,30.7643220347743,29.7891489001325,30.7483863215293
121,29.7708393555582,30.7600637128276,29.7846696325152,30.7654188340710,29.7864708200826,30.7472895837599
122,29.7659892918608,30.7629669435563,29.7799718719863,30.7649672108312,29.7818156327083,30.7455476699337
123,29.7597770111731,30.7640637428530,29.7735391766039,30.7639994467458,29.7751615809555,30.7413541486186
124,29.7524352266281,30.7650960245440,29.7658085910118,30.7629671650548,29.7670119286215,30.7372896625150
125,29.7447216691430,30.7634186283235,29.7574432507649,30.7613542495235,29.7579702132473,30.7332251764113
126,29.7366562064668,30.7593540806924,29.7483485558098,30.7589026420347,29.7478273720291,30.7279993734052
127,29.7277440883141,30.7561282988518,29.7380174599491,30.7549671296150,29.7360073005157,30.7212251847790
128,29.7172673120482,30.7494831085205,29.7259476450306,30.7471606592978,29.7221552544156,30.7110961667953
129,29.7052599337026,30.7402573370164,29.7122157362730,30.7351606676655,29.7065020543085,30.6972251892090
130,29.6920908862150,30.7281282732564,29.6972303990440,30.7205155034219,29.6896048839852,30.6807735689225
131,29.6777800362515,30.7139347076416,29.6810569072128,30.7024510045205,29.6714883403221,30.6587090399958
132,29.6625667168214,30.6961282791630,29.6639554057393,30.6813542396792,29.6523189156749,30.6350315955377
133,29.6466902625582,30.6776766746275,29.6462929351882,30.6587735699069,29.6325856848343,30.6106445312500
134,29.6301790527381,30.6582573060066,29.6281697700247,30.6352251606603,29.6124475728303,30.5849671394594
135,29.6126140155671,30.6341282752252,29.6091223781601,30.6091606632356,29.5915924040149,30.5573542194982
136,29.5933783706840,30.6079992601948,29.5886389815630,30.5810316024288,29.5695679981902,30.5287090178459
137,29.5724210339478,30.5803863648445,29.5665067348493,30.5505154763499,29.5461473195220,30.4973541628930
138,29.5504164928046,30.5516121895082,29.5433698532744,30.5189025878906,29.5219348526398,30.4652896511939
139,29.5276807056629,30.5220638029037,29.5194648332734,30.4869671114029,29.4970838463574,30.4322574123260
140,29.5043394887879,30.4921928282707,29.4948295134603,30.4539993532242,29.4715299731724,30.3993542332803
141,29.4805091982048,30.4621928184263,29.4695291651783,30.4201284100932,29.4452760727265,30.3671607109808
142,29.4566562042005,30.4344508878646,29.4440519163099,30.3905155304939,29.4187364838972,30.3379349124047
143,29.4332317416890,30.4069024855091,29.4186796713954,30.3650961722097,29.3922167613732,30.3152252320320
144,29.4104741987561,30.3796121535763,29.3937132532894,30.3403864829771,29.3660461063834,30.2937413615565
145,29.3885018232586,30.3531605505174,29.3692605052266,30.3156767937445,29.3403370912902,30.2721284558696
146,29.3677847691465,30.3301283190327,29.3457064409827,30.2923219742313,29.3152997241815,30.2521929464033
147,29.3489331969046,30.3112250912574,29.3235514879610,30.2714832798127,29.2912622626260,30.2338058594735
148,29.3318799401105,30.2960638230847,29.3029479491498,30.2524510537424,29.2684640398135,30.2164510296237
149,29.3163118783736,30.2814186957575,29.2837331162170,30.2333542731500,29.2469192460136,30.2003219973656
150,29.3021315750658,30.2667735684303,29.2659760448906,30.2148381510088,29.2268993793401,30.1845155531360
151,29.2895717422374,30.2521284411030,29.2500740495494,30.1967736274965,29.2088282412561,30.1698058466757
152,29.2787345465463,30.2378058402769,29.2361340272416,30.1798058663645,29.1927389396240,30.1557413162724
153,29.2692614594964,30.2241284155077,29.2237917730750,30.1640639397406,29.1783561946518,30.1424509725263
154,29.2607220590267,30.2107090611612,29.2128401162575,30.1491607173797,29.1655854070077,30.1302573911605
155,29.2525194278335,30.1963864603350,29.2025232151772,30.1332252379387,29.1537426297277,30.1177412217663
156,29.2445968089881,30.1816767538747,29.1927379564490,30.1176123465261,29.1426197465553,30.1041282899918
157,29.2371112344258,30.1681283643169,29.1835477235538,30.1019349005914,29.1321798648822,30.0910960412795
158,29.2302462258726,30.1538703057074,29.1751663069797,30.0859994211504,29.1227824583082,30.0776766869330
159,29.2239648896375,30.1403219161495,29.1675265421086,30.0710961864841,29.1142960354346,30.0656121653895
160,29.2181820873506,30.1277412291496,29.1605678847402,30.0578058919599,29.1065512633619,30.0541282776863
161,29.2129886343197,30.1151606036771,29.1542156027503,30.0447736432475,29.0993040799531,30.0437411892799
162,29.2079928925626,30.1020638373590,29.1480298125747,30.0338058963899,29.0920663555211,30.0334186184791
163,29.2028684972442,30.0890315640357,29.1417248276344,30.0220639382639,29.0846848423349,30.0227734596499
164,29.1973553025027,30.0755476920835,29.1349932037547,30.0101284642373,29.0768880417394,30.0118702550088
165,29.1913880353709,30.0623864081598,29.1276372302031,29.9970962155250,29.0683193176114,29.9993541225310
166,29.1854529333435,30.0509025573731,29.1201213856157,29.9850962238927,29.0593769305161,29.9860638033959
167,29.1795206687927,30.0397412576983,29.1125052676455,29.9733543272941,29.0501460184630,29.9714831936744
168,29.1736451636966,30.0275477132490,29.1051086169207,29.9625156156478,29.0411582248866,29.9587735329905
169,29.1674830243915,30.0146444997480,29.0976154755739,29.9497413758309,29.0321515108303,29.9459993547009
170,29.1616642778480,30.0014186982186,29.0906435710549,29.9365155743014,29.0237417128147,29.9329025514664
171,29.1561104068354,29.9877412734493,29.0840897921435,29.9239994664346,29.0158086911516,29.9195477147256
172,29.1506104559967,29.9738057782573,29.0777611588588,29.9116768498575,29.0082190609871,29.9050315610824
173,29.1449260372457,29.9605799521169,29.0714136076204,29.8990961628575,29.0009321458698,29.8899992665937
174,29.1387052455718,29.9483864322785,29.0647141506494,29.8861929493566,28.9935704971846,29.8735476463072
175,29.1323349889276,29.9372896502095,29.0580373980016,29.8736768414897,28.9864330468572,29.8572895788377
176,29.1259637851948,29.9263219033518,29.0515252455171,29.8614188040456,28.9796484482682,29.8410315113683
177,29.1189795831398,29.9147734980429,29.0447188920391,29.8477413792764,28.9728231721452,29.8251605495330
178,29.1112291337683,29.9014186613021,29.0374300858120,29.8332897432389,28.9657746436704,29.8083863412180
179,29.1026509483178,29.8856121555451,29.0295424718932,29.8179994029384,28.9583070439429,29.7903863230059
180,29.0932980014973,29.8694831232871,29.0209084753394,29.8030961436610,28.9501365778541,29.7715476128363
181,29.0827332486629,29.8527089149721,29.0110494294102,29.7872896625150,28.9407382234698,29.7525153498496
182,29.0711052093203,29.8359347066572,28.9999719548841,29.7714831813689,28.9300968446949,29.7329024284117
183,29.0586976791193,29.8189670070525,28.9880355257217,29.7547735275761,28.9185567806577,29.7129024013396
184,29.0457878323899,29.8009025081511,28.9755636680184,29.7369670990975,28.9063933131350,29.6923217404273
185,29.0327077085592,29.7827089740384,28.9628619355608,29.7186444928569,28.8939025353127,29.6709669051632
186,29.0196890738522,29.7647735103484,28.9502434491006,29.7014186613021,28.8814089189312,29.6501282107446
187,29.0063629944292,29.7474187051096,28.9374499567725,29.6843218649587,28.8688528681419,29.6319346766318
188,28.9925847348083,29.7301929350822,28.9243102333041,29.6681283150950,28.8561965427068,29.6148378802884
189,28.9783230764324,29.7134832443730,28.9108479299266,29.6538057142688,28.8434011567429,29.5994185047765
190,28.9633680117546,29.6975477649320,28.8967527631847,29.6402573247110,28.8301838609672,29.5849023511333
191,28.9475199376699,29.6814187326739,28.8819764889400,29.6273540496826,28.8165664142381,29.5709023998630
192,28.9307230409098,29.6661284292898,28.8664453198111,29.6142572833646,28.8025308429840,29.5569669046710
193,28.9131655723277,29.6519349252024,28.8503219648518,29.6012250346522,28.7882332356602,29.5439991735643
194,28.8952164664849,29.6380639722270,28.8337634563581,29.5896766662598,28.7737369714177,29.5320637241487
195,28.8775123700481,29.6241929946407,28.8173695492909,29.5786444017964,28.7594885544186,29.5207733892625
196,28.8602103162157,29.6095478673135,28.8013682254903,29.5684508662070,28.7457755643365,29.5119346864762
197,28.8428325833508,29.5954833615211,28.7852448694483,29.5585798817296,28.7320625746152,29.5038056527415
198,28.8257897297353,29.5825801480201,28.7693050336887,29.5473540398382,28.7184981040388,29.4938056453582
199,28.8095074466788,29.5716768818517,28.7539072476096,29.5363217507639,28.7052022926562,29.4841927436090
200,28.7941077680464,29.5627091192430,28.7390912407541,29.5290314459032,28.6922479820233,29.4777411430113
201,28.7794440647205,29.5550962263538,28.7247349821442,29.5211604579802,28.6794961119722,29.4683863362958
202,28.7657622937369,29.5489026961788,28.7111733494052,29.5136120580858,28.6673345362810,29.4592250208701
203,28.7536101806312,29.5440639988069,28.6990316378541,29.5081281846569,28.6563024651687,29.4510314695297
204,28.7431570559574,29.5383865971719,28.6886267529882,29.5010314326132,28.6466590988524,29.4423218388711
205,28.7340992579407,29.5326446533203,28.6798016625111,29.4947733479161,28.6383628148747,29.4350960516161
206,28.7256658095960,29.5274833679199,28.6716936281237,29.4886442984304,28.6306757457366,29.4279992995724
207,28.7175842678859,29.5221285297025,28.6638693893861,29.4823862137333,28.6230804377321,29.4212251355571
208,28.7101365359072,29.5170962795134,28.6565815242933,29.4767087874874,28.6158143329413,29.4142574187248
209,28.7031949048416,29.5118704765074,28.6497761115887,29.4705797380017,28.6088821612134,29.4074832547096
210,28.6966203165059,29.5065156382899,28.6433822022697,29.4644506885159,28.6022990582828,29.4010316787228
211,28.6902055990255,29.5011607754615,28.6374196626416,29.4581281477405,28.5961444863036,29.3938704090734
212,28.6843849602897,29.4961285252725,28.6322016129148,29.4512249485139,28.5907211610446,29.3863220337898
213,28.6791338048655,29.4909672398721,28.6276589966398,29.4439346436531,28.5858663729108,29.3789026937177
214,28.6738571069198,29.4852898136262,28.6230917851123,29.4365152666646,28.5809482041827,29.3709672128000
215,28.6682966135047,29.4804511162543,28.6180856371093,29.4300636291504,28.5755551507531,29.3632252846995
216,28.6623406980834,29.4754833836709,28.6125081146849,29.4232894651351,28.5695500448269,29.3553543213875
217,28.6561501776977,29.4694188517909,28.6065455772220,29.4161927130914,28.5630142420133,29.3469672172300
218,28.6499738466795,29.4623220382198,28.6004903328000,29.4087088554136,28.5562258603027,29.3368381623299
219,28.6440207676522,29.4543865573022,28.5945779318481,29.4004507864675,28.5493296357183,29.3250962657313
220,28.6384791921909,29.4453542770878,28.5888972969405,29.3912250149635,28.5423832739012,29.3123220874417
221,28.6333860123623,29.4359994703724,28.5833812632789,29.3813540674025,28.5352817708976,29.2989672507009
222,28.6289039386637,29.4263220756285,28.5779815851013,29.3696766884096,28.5279560702581,29.2850317555089
223,28.6249733732615,29.4165801017515,28.5728184028173,29.3585799063406,28.5204553614050,29.2703865666543
224,28.6215044473950,29.4064510222404,28.5678453630378,29.3454831400225,28.5128960000026,29.2546446400304
225,28.6184120235961,29.3952897225657,28.5631192257587,29.3312250814130,28.5053971817180,29.2381930197439
226,28.6156516408483,29.3849671517649,28.5586863432868,29.3162573291409,28.4981764834083,29.2212252586119
227,28.6132791127808,29.3750961426766,28.5545325264350,29.3011605785739,28.4911743077816,29.2036123214229
228,28.6113370076765,29.3651606159825,28.5508100780111,29.2861928632182,28.4846243119919,29.1856768577330
229,28.6095585576318,29.3549025627875,28.5473212878240,29.2727090158770,28.4784252775526,29.1709671758836
230,28.6077545665091,29.3432897014003,28.5438447944512,29.2590961333244,28.4724617931816,29.1554832827660
231,28.6054198774165,29.3303219702936,28.5400163953458,29.2436767947289,28.4663923583095,29.1372897117369
232,28.6025942229647,29.3166445455244,28.5359590678530,29.2298703593592,28.4604033315974,29.1228380756993
233,28.5993362524552,29.3018703460693,28.5316453797850,29.2156768183554,28.4545249839727,29.1087735452960
234,28.5952883853828,29.2863864898682,28.5266572055342,29.2002574797600,28.4485397411040,29.0949025677096
235,28.5904752177216,29.2712896777738,28.5209425158560,29.1863219845680,28.4422877314142,29.0819992926813
236,28.5849743196139,29.2564509730185,28.5144757684093,29.1709026459725,28.4355627290348,29.0689025017523
237,28.5788102854100,29.2409671168174,28.5072389907050,29.1549026489258,28.4281859428111,29.0552895945887
238,28.5719717639407,29.2251606725877,28.4994374606210,29.1392252399075,28.4204780622639,29.0416766874252
239,28.5646488986125,29.2095477811752,28.4912007773636,29.1241284893405,28.4125261170536,29.0295476605815
240,28.5568407441413,29.1949026538480,28.4824882639401,29.1108382071218,28.4042865909067,29.0192250897807
241,28.5485444608852,29.1810317377890,28.4733320843721,29.0990317929176,28.3957301594430,29.0104508799891
242,28.5398953257102,29.1678059362596,28.4636669651516,29.0880640460599,28.3867489814127,29.0037412335796
243,28.5308290111140,29.1554188020768,28.4535184473563,29.0775479224420,28.3773894098441,28.9969025519586
244,28.5217929683473,29.1441284671906,28.4435392597542,29.0683866439327,28.3682767404151,28.9907735024729
245,28.5129357167353,29.1341930020240,28.4340141447228,29.0608382686492,28.3596834163433,28.9861283579180
246,28.5042506338756,29.1260639436783,28.4250235113242,29.0534189285770,28.3516728189447,28.9838703032463
247,28.4958323183782,29.1187090596845,28.4166941209273,29.0466447030344,28.3444483349874,28.9819348366030
248,28.4877744235691,29.1138058200959,28.4091603024073,29.0421285936909,28.3381518619354,28.9803219579881
249,28.4799596470562,29.1096122987809,28.4021288016787,29.0392253629623,28.3322962177317,28.9793542308192
250,28.4722782544952,29.1039993901407,28.3955551571837,29.0359995811216,28.3269201884397,28.9801283805601
251,28.4648957918748,29.0992252103744,28.3895604546164,29.0337415018389,28.3221533741679,28.9822574000205
252,28.4577838808211,29.0952251803490,28.3841078004665,29.0321285986131,28.3180544251198,28.9851606307491
253,28.4513303747512,29.0942574162637,28.3796768096456,29.0329672659597,28.3150897112218,28.9894186696699
254,28.4453129684020,29.0939993458409,28.3758682764847,29.0340640037291,28.3128704332311,28.9950960959158
255,28.4391555566006,29.0941283810523,28.3720493377997,29.0371607257474,28.3107807562509,29.0018702599310
256,28.4324627171604,29.0945799796812,28.3677242963973,29.0408381431333,28.3082937656136,29.0084508711292
257,28.4250121440965,29.0936122155959,28.3624807046903,29.0447091379473,28.3048636279757,29.0147734734320
258,28.4168596497751,29.0928380658550,28.3564074843510,29.0477413423600,28.3005821039295,29.0209025229177
259,28.4078557699476,29.0921929513254,28.3493390890296,29.0511606524068,28.2952524292899,29.0275476517216
260,28.3982057821310,29.0915477752686,28.3415337716740,29.0539348479240,28.2892009674482,29.0339992646248
261,28.3877564378723,29.0905800111832,28.3328647718176,29.0553541737218,28.2822744704930,29.0389669972081
262,28.3766912583562,29.0889670710410,28.3235430439152,29.0551606209047,28.2746895687344,29.0428379920221
263,28.3651710609852,29.0870315797867,28.3136962951611,29.0544509272422,28.2665512668479,29.0460638107792
264,28.3532639567442,29.0847735251150,28.3034333124505,29.0534831631568,28.2578434830932,29.0489670415078
265,28.3411373827318,29.0807090390113,28.2929489697608,29.0515476965135,28.2486333815470,29.0515476842080
266,28.3289001283690,29.0765800353019,28.2822858355555,29.0499993355044,28.2389748825638,29.0544509149367
267,28.3167385524973,29.0729671355217,28.2716567561209,29.0499348178987,28.2290855637225,29.0570315822478
268,28.3050414550813,29.0705800456385,28.2616416186689,29.0504509587442,28.2197004548649,29.0601283657935
269,28.2942799371595,29.0688381318123,28.2525743584276,29.0499993355043,28.2111024047329,29.0622573852539
270,28.2846176527090,29.0669026651690,28.2446914705690,29.0504509587442,28.2036414274079,29.0645154399257
271,28.2760394665367,29.0657413851830,28.2380430917845,29.0510960978846,28.1974376647432,29.0654831424836
272,28.2687771443262,29.0672897461922,28.2327588211000,29.0518057669363,28.1926774739565,29.0665154241746
273,28.2627294666888,29.0697413782920,28.2288528487852,29.0543864096365,28.1893561248375,29.0680637851838
274,28.2573316798013,29.0724510562035,28.2256979885937,29.0587089661629,28.1867783185313,29.0712895793300
275,28.2519736237202,29.0752897693265,28.2226131312185,29.0632251001173,28.1844114661386,29.0748379861155
276,28.2469154457509,29.0786445617676,28.2197600393464,29.0688380087576,28.1822952990071,29.0796766834874
277,28.2423453962055,29.0805800530218,28.2173950757178,29.0752895847444,28.1807533439540,29.0828379846388
278,28.2386428148087,29.0823865459811,28.2158228477526,29.0823863983154,28.1800845320026,29.0874831291937
279,28.2355693136549,29.0833543100665,28.2147453704335,29.0872250956874,28.1800031767540,29.0922573089600
280,28.2329120450141,29.0847736358643,28.2139649306822,29.0906444672615,28.1803730567800,29.0965798900973
281,28.2306010064311,29.0884510532502,28.2132999013111,29.0951606012160,28.1809236197922,29.1002573320943
282,28.2285236264457,29.0925155762703,28.2126310886379,29.0996767351704,28.1814770197397,29.1041283269082
283,28.2269268082801,29.0951607365762,28.2121760695200,29.1041928691249,28.1821183966165,29.1079993217222
284,28.2256109466639,29.0951607365762,28.2116321278277,29.1083864519673,28.1825554408996,29.1118703165362
285,28.2251341726570,29.0949671837591,28.2117787549606,29.1127735876268,28.1836518363530,29.1157413113502
286,28.2260281300547,29.0978704144878,28.2131504318299,29.1181929803664,28.1859363871304,29.1196123061642
287,28.2282436267282,29.1026446188650,28.2157821604752,29.1243219929357,28.1895462626507,29.1244510650635
288,28.2315375443811,29.1093543268019,28.2194923111827,29.1312897097680,28.1942411826356,29.1302575265208
289,28.2356913621351,29.1179994398548,28.2240652000089,29.1401929547710,28.1997770831439,29.1367091640349
290,28.2409245466940,29.1307091005387,28.2297458359990,29.1510317033337,28.2064254601240,29.1466446661180
291,28.2475502209749,29.1445800781250,28.2368038257963,29.1653542795489,28.2143641599879,29.1582575521161
292,28.2557046056843,29.1594188197967,28.2453971478833,29.1808381972774,28.2237710278845,29.1721285297025
293,28.2654832452578,29.1749027375252,28.2556043184082,29.1970317471412,28.2347444459062,29.1869026922410
294,28.2761454320137,29.1907092063658,28.2667650409165,29.2133543322163,28.2467007408326,29.2025155836536
295,28.2877876587390,29.2076124252812,28.2789918875900,29.2312253398280,28.2597941085661,29.2197414152084
296,28.3002084312190,29.2281930492770,28.2920114686638,29.2499350147863,28.2737199422280,29.2376124228201
297,28.3129375942405,29.2479349813154,28.3053962004556,29.2675478904478,28.2881045792121,29.2543866311350
298,28.3259893387948,29.2667091738793,28.3192454110639,29.2843865917575,28.3031816759507,29.2709672251055
299,28.3394185319640,29.2841284967238,28.3334039587610,29.2999994831700,28.3186286521741,29.2859994580669
300,28.3529451610394,29.3009671611171,28.3476835917912,29.3161285154281,28.3342260397345,29.3014833142680
301,28.3662211044928,29.3166445455243,28.3617172690487,29.3311607483895,28.3494847663675,29.3155478077550
302,28.3784782220936,29.3296767573203,28.3747576631556,29.3434833649666,28.3637275048049,29.3286445740730
303,28.3897373266945,29.3390961185578,28.3867499064885,29.3538704779840,28.3768322237076,29.3398058122204
304,28.4001072057317,29.3469670818698,28.3976050770144,29.3616124060846,28.3886399982262,29.3488380678238
305,28.4103068087503,29.3536122722010,28.4080477979684,29.3667736914850,28.3999142380201,29.3553541860273
306,28.4203891102790,29.3591606632356,28.4182578083154,29.3707736599830,28.4109368458251,29.3606445066390
307,28.4301100447527,29.3632252108666,28.4279342839378,29.3725155738092,28.4215006522927,29.3629025613108
308,28.4394450185428,29.3661929592009,28.4369145136166,29.3721929857808,28.4311941534960,29.3639348183909
309,28.4480033387706,29.3685155314784,28.4447264522920,29.3705800456385,28.4393589446317,29.3629670912220
310,28.4559600129280,29.3703219875213,28.4515545669742,29.3689671054963,28.4462447649550,29.3604509661275
311,28.4634758593197,29.3716123396350,28.4576325166215,29.3678057885939,28.4521571675309,29.3579348410329
312,28.4709614346037,29.3734187956779,28.4634891061095,29.3671606125370,28.4577630712163,29.3554187159384
313,28.4784460646034,29.3756123573549,28.4693021798650,29.3665154364801,28.4633632994073,29.3523219323927
314,28.4854633775884,29.3793543169575,28.4747576713111,29.3660638132403,28.4687081115855,29.3482573847617
315,28.4918430977203,29.3847091551750,28.4798432825507,29.3656121900005,28.4737719661318,29.3446444603705
316,28.4973194023798,29.3907091694493,28.4840415602386,29.3654186371834,28.4778368613113,29.3410315359792
317,28.5016586335106,29.3939349882064,28.4870620868637,29.3639992744692,28.4804884568033,29.3371605411653
318,28.5051531026203,29.3961930428782,28.4892510924837,29.3619347726145,28.4820616293310,29.3326443702944
319,28.5083316127801,29.3979994743101,28.4911894126620,29.3593541299143,28.4832639756463,29.3281281994235
320,28.5114457957984,29.3985156151556,28.4932242231014,29.3565799343971,28.4845297025558,29.3238055813697
321,28.5142676701959,29.3952897963985,28.4951890303637,29.3519992705314,28.4857074534382,29.3164507219868
322,28.5161530189128,29.3909026607390,28.4964604309633,29.3450960343884,28.4862277442601,29.3085152410692
323,28.5170450839377,29.3859994211505,28.4967792252247,29.3379992208173,28.4857358309102,29.3003216897288
324,28.5171794153390,29.3819348735194,28.4962712286910,29.3318056537259,28.4842591482828,29.2923216912054
325,28.5168558908675,29.3766445529076,28.4951880738927,29.3254830514231,28.4820606802577,29.2843862102878
326,28.5157292257498,29.3689025878906,28.4932185326312,29.3179346146122,28.4789058225922,29.2745797188051
327,28.5135335982686,29.3589671227240,28.4902954393863,29.3096765456661,28.4748711990618,29.2641280512656
328,28.5104723946508,29.3490961382466,28.4866155579823,29.3009668534802,28.4701526285673,29.2543216213103
329,28.5069448194828,29.3395477171867,28.4824607927789,29.2922571612943,28.4648607920004,29.2451603674120
330,28.5023388220722,29.3305154369723,28.4774139652572,29.2840636099538,28.4587894647555,29.2369022984659
331,28.4967244064985,29.3220638152092,28.4713870975854,29.2764507170646,28.4518894554256,29.2294829583937
332,28.4901290051297,29.3145799575313,28.4643205942759,29.2687087889641,28.4441248157845,29.2212248894476
333,28.4835014408217,29.3069025470364,28.4570516505651,29.2612893873645,28.4362050356787,29.2121926707606
334,28.4764018307322,29.2983864322785,28.4492718757310,29.2537409874701,28.4278642933908,29.2026443112281
335,28.4687090879041,29.2893541520642,28.4410030280909,29.2461926121865,28.4191867802026,29.1925152563280
336,28.4600836043213,29.2801283190327,28.4319064440108,29.2369023230768,28.4098054548276,29.1819991327101
337,28.4505234870698,29.2694186425978,28.4217844118561,29.2270958931215,28.3993627351366,29.1707087978240
338,28.4403314526401,29.2582573429231,28.4108942401927,29.2159991479689,28.3880307900625,29.1581281723515
339,28.4297988636470,29.2467734552199,28.3995433748191,29.2038701457362,28.3761322002359,29.1453539571454
340,28.4185690848697,29.2338057241132,28.3875416719680,29.1909669322352,28.3636243968325,29.1314830041701
341,28.4069363162191,29.2202573345553,28.3751199518582,29.1775475778887,28.3506246811619,29.1182572026407
342,28.3949204220157,29.2063218393633,28.3624002472724,29.1627733907392,28.3372881949517,29.1046442954771
343,28.3820275994238,29.1911605096632,28.3489152408348,29.1455476207118,28.3230577536895,29.0875474991337
344,28.3682578489848,29.1741927485312,28.3345372249902,29.1272895689933,28.3077507818358,29.0699991410778
345,28.3539536163717,29.1563217409195,28.3195849967064,29.1080637531896,28.2917305373749,29.0534185471073
346,28.3394091042019,29.1370959620322,28.3043224849670,29.0890314902029,28.2753877122832,29.0365153404974
347,28.3247699941437,29.1169024436705,28.2890032144947,29.0695476039763,28.2591025919306,29.0197411690989
348,28.3101819676850,29.0969024535148,28.2738296258710,29.0501927529612,28.2431126180361,29.0037411720522
349,28.2956885387539,29.0773540496826,28.2588452341067,29.0309669371574,28.2274830644691,28.9881282806396
350,28.2813303863277,29.0584508219073,28.2441200421984,29.0125798502276,28.2123482608263,28.9724508716214
351,28.2671595383881,29.0399346997661,28.2295660735778,28.9941927632978,28.1975454978737,28.9569670154202
352,28.2527704328748,29.0217411656533,28.2145814150993,28.9762895584106,28.1823186556179,28.9414509004162
353,28.2387865942256,29.0044508780203,28.1998326304529,28.9584831299320,28.1673628461563,28.9256444561866
354,28.2256467285355,28.9879347647390,28.1858120568240,28.9418057164838,28.1532083721444,28.9107089996338
355,28.2131402119847,28.9709025106122,28.1724214873761,28.9255476490144,28.1398314770696,28.8960638723066
356,28.2014409733603,28.9550960048552,28.1597818985398,28.9095799107705,28.1271994543146,28.8811284157538
357,28.1904855285494,28.9415476152974,28.1478151971870,28.8939025017523,28.1151466684053,28.8669349116664
358,28.1808251366521,28.9288378930861,28.1370328682170,28.8792573128977,28.1041477094860,28.8533865836359
359,28.1728221096467,28.9176120758057,28.1278908760318,28.8669992754536,28.0947171928843,28.8404833701349
360,28.1658681796016,28.9068378817651,28.1198528478889,28.8556444475728,28.0863915859699,28.8277737094510
361,28.1593399430313,28.8961927229358,28.1121676711236,28.8446121831094,28.0782722036610,28.8153866367955
362,28.1529857672251,28.8856765993180,28.1046433123022,28.8331928130119,28.0701689029120,28.8021608352661
363,28.1465369929893,28.8750314404888,28.0971066546818,28.8219024781258,28.0619520836143,28.7896447273993
364,28.1397325280950,28.8659991971908,28.0893410683130,28.8115799073250,28.0534003854282,28.7783543925132
365,28.1326054825699,28.8572249873992,28.0814808845972,28.8017734404533,28.0447276002849,28.7677092336839
366,28.1256903378666,28.8490314360588,28.0739858503363,28.7924185722105,28.0363717195563,28.7580318389400