date	jimbaran	nusadua	sanur
01-01-2021	29,20000648	29,20998573	29,27999306
02-01-2021	29,18999672	29,23000526	29,35000038
03-01-2021	29,17000771	29,20998573	29,30999184
04-01-2021	29,2199955	29,27001381	29,43999672
05-01-2021	29,14998817	29,14000893	29,17000771
06-01-2021	29,14000893	29,12999916	29,15999794
07-01-2021	29,08001137	29,08001137	29,14000893
08-01-2021	29,08001137	29,08001137	29,12999916
09-01-2021	28,89000893	28,8699894	28,89000893
10-01-2021	28,68999672	28,68999672	28,74999428
11-01-2021	28,90999794	28,92000771	29,02001381
12-01-2021	29,20998573	29,24999428	29,35000038
13-01-2021	29,30001259	29,30001259	29,39000893
14-01-2021	29,14998817	29,12999916	29,18999672
15-01-2021	29,17000771	29,14000893	29,17998695
16-01-2021	29,14000893	29,11001015	29,15999794
17-01-2021	29,12999916	29,11001015	29,14998817
18-01-2021	29,08001137	29,05001259	29,08001137
19-01-2021	29,0700016	29,05999184	29,08001137
20-01-2021	28,99999428	28,98000526	28,9699955
21-01-2021	28,99001503	28,9699955	28,9699955
22-01-2021	28,93999672	28,90999794	28,92998695
23-01-2021	28,89000893	28,86001015	28,8699894
24-01-2021	28,7199955	28,68999672	28,7199955
25-01-2021	28,6199894	28,61001015	28,65999794
26-01-2021	28,61001015	28,61001015	28,64000893
27-01-2021	28,64000893	28,64000893	28,68999672
28-01-2021	28,58999062	28,58999062	28,70000648
29-01-2021	28,52999306	28,52001381	28,58999062
30-01-2021	28,52999306	28,51000404	28,58999062
31-01-2021	28,5700016	28,55001259	28,60000038
01-02-2021	28,3699894	28,3699894	28,42998695
02-02-2021	28,54000282	28,5700016	28,64000893
03-02-2021	28,55001259	28,5700016	28,64000893
04-02-2021	28,8200016	28,8200016	28,83001137
05-02-2021	28,79000282	28,79000282	28,80001259
06-02-2021	28,77999306	28,77001381	28,76000404
07-02-2021	28,83001137	28,83001137	28,7199955
08-02-2021	28,64000893	28,6199894	28,52001381
09-02-2021	28,80999184	28,77999306	28,7199955
10-02-2021	28,8200016	28,83999062	28,83001137
11-02-2021	28,68999672	28,65999794	28,64000893
12-02-2021	28,68999672	28,62999916	28,61001015
13-02-2021	28,64998817	28,58001137	28,55001259
14-02-2021	28,67000771	28,61001015	28,60000038
15-02-2021	28,7199955	28,67000771	28,64998817
16-02-2021	28,9699955	28,89000893	28,80999184
17-02-2021	28,67000771	28,61001015	28,67998695
18-02-2021	28,93999672	28,90999794	28,89998817
19-02-2021	29,15999794	29,14000893	29,15999794
20-02-2021	29,12999916	29,10000038	29,1199894
21-02-2021	29,1199894	29,08001137	29,10000038
22-02-2021	29,12999916	29,10000038	29,0700016
23-02-2021	29,12999916	29,08001137	29,02999306
24-02-2021	28,99999428	28,92998695	28,86001015
25-02-2021	28,90999794	28,86001015	28,80001259
26-02-2021	28,99999428	28,9699955	28,9699955
27-02-2021	28,9699955	28,92000771	28,92000771
28-02-2021	28,8200016	28,77999306	28,74999428
01-03-2021	28,99999428	28,93999672	28,87999916
02-03-2021	28,95000648	28,89998817	28,89998817
03-03-2021	29,02001381	28,99999428	29,05999184
04-03-2021	29,0700016	29,05999184	29,12999916
05-03-2021	28,83999062	28,80001259	28,77001381
06-03-2021	28,7199955	28,73000526	28,73000526
07-03-2021	28,74001503	28,73000526	28,76000404
08-03-2021	28,77999306	28,77999306	28,85000038
09-03-2021	29,02001381	28,95000648	28,92998695
10-03-2021	28,95998573	28,87999916	28,86001015
11-03-2021	28,83001137	28,80999184	28,83001137
12-03-2021	28,80999184	28,80001259	28,79000282
13-03-2021	28,89998817	28,80999184	28,6199894
14-03-2021	28,95998573	28,87999916	28,58001137
15-03-2021	28,99999428	28,87999916	28,7199955
16-03-2021	29,02999306	28,87999916	28,67998695
17-03-2021	29,23000526	29,12999916	28,89998817
18-03-2021	29,24001503	29,15999794	29,01000404
19-03-2021	29,45000648	29,3699894	29,20998573
20-03-2021	29,40999794	29,30999184	29,18999672
21-03-2021	29,27001381	29,14000893	28,89000893
22-03-2021	29,27001381	29,11001015	28,83001137
23-03-2021	29,08999062	29,04000282	28,8699894
24-03-2021	29,24999428	29,12999916	28,86001015
25-03-2021	29,20998573	29,05999184	28,70998573
26-03-2021	29,20998573	29,02999306	28,7199955
27-03-2021	29,2199955	29,02999306	28,76000404
28-03-2021	29,40999794	29,30001259	29,08001137
29-03-2021	29,42998695	29,30999184	29,04000282
30-03-2021	29,45998573	29,27999306	28,99001503
31-03-2021	29,43999672	29,2199955	28,83001137
01-04-2021	29,39000893	29,17000771	28,85000038
02-04-2021	29,3200016	29,12999916	28,86001015
03-04-2021	29,30001259	29,15999794	28,89000893
04-04-2021	29,52001381	29,39000893	29,02001381
05-04-2021	29,70000648	29,52999306	29,20000648
06-04-2021	29,68999672	29,54000282	29,18999672
07-04-2021	29,67000771	29,52999306	29,17998695
08-04-2021	29,6199894	29,45998573	29,10000038
09-04-2021	29,35000038	29,27001381	29,11001015
10-04-2021	29,42000771	29,35000038	29,27999306
11-04-2021	29,3699894	29,3200016	29,35000038
12-04-2021	29,30999184	29,27001381	29,33001137
13-04-2021	29,29000282	29,2199955	29,30999184
14-04-2021	29,37999916	29,29000282	29,27999306
15-04-2021	29,3699894	29,29000282	29,40999794
16-04-2021	29,27999306	29,23000526	29,3699894
17-04-2021	29,27999306	29,15999794	29,36001015
18-04-2021	29,2199955	29,18999672	29,3699894
19-04-2021	29,27001381	29,18999672	29,24999428
20-04-2021	29,20000648	29,1199894	29,17998695
21-04-2021	29,17998695	29,08001137	29,14000893
22-04-2021	29,20000648	29,11001015	29,17000771
23-04-2021	29,17998695	29,11001015	29,14000893
24-04-2021	29,05999184	29,01000404	29,0700016
25-04-2021	29,17998695	29,08999062	29,04000282
26-04-2021	29,14998817	29,02999306	28,9699955
27-04-2021	29,05001259	28,83999062	28,73000526
28-04-2021	28,99001503	28,77001381	28,52999306
29-04-2021	28,74001503	28,6199894	28,40999794
30-04-2021	28,79000282	28,67998695	28,42000771
01-05-2021	28,80001259	28,55001259	28,3200016
02-05-2021	28,89998817	28,7199955	28,36001015
03-05-2021	28,95000648	28,8200016	28,42998695
04-05-2021	28,85000038	28,74001503	28,58999062
05-05-2021	28,80001259	28,83001137	28,73000526
06-05-2021	28,7199955	28,74001503	28,55001259
07-05-2021	28,74999428	28,7199955	28,58999062
08-05-2021	28,77001381	28,74001503	28,77999306
09-05-2021	28,79000282	28,74001503	28,76000404
10-05-2021	28,5700016	28,55001259	28,58999062
11-05-2021	28,33999062	28,35000038	28,35000038
12-05-2021	28,35000038	28,33999062	28,27001381
13-05-2021	28,20000648	28,17000771	28,1199894
14-05-2021	28,11001015	28,14000893	28,08999062
15-05-2021	27,76000404	27,77999306	27,77999306
16-05-2021	27,67000771	27,77001381	27,74001503
17-05-2021	27,61001015	27,8200016	28,02001381
18-05-2021	27,65999794	27,83999062	28,15999794
19-05-2021	27,52001381	27,85000038	28,30999184
20-05-2021	27,85000038	28,0700016	28,43999672
21-05-2021	27,74999428	28,02001381	28,49001503
22-05-2021	27,60000038	27,86001015	28,33999062
23-05-2021	27,70998573	28,05001259	28,4699955
24-05-2021	27,73000526	28,04000282	28,52999306
25-05-2021	27,89000893	28,08999062	28,49001503
26-05-2021	27,74001503	27,86001015	28,17998695
27-05-2021	27,58001137	27,64000893	27,99001503
28-05-2021	27,45000648	27,49999428	27,99999428
29-05-2021	27,20000648	27,27001381	27,73000526
30-05-2021	27,15999794	27,24001503	27,52999306
31-05-2021	27,15999794	27,23000526	27,52001381
01-06-2021	27,23000526	27,3200016	27,49001503
02-06-2021	27,14998817	27,15999794	27,27999306
03-06-2021	27,24001503	27,27001381	27,33999062
04-06-2021	27,30999184	27,33001137	27,45000648
05-06-2021	27,3699894	27,33001137	27,51000404
06-06-2021	27,39000893	27,33999062	27,4699955
07-06-2021	27,62999916	27,5700016	27,6199894
08-06-2021	27,77001381	27,85000038	27,8200016
09-06-2021	27,79000282	27,76000404	27,65999794
10-06-2021	27,77999306	27,74999428	27,62999916
11-06-2021	27,77001381	27,83999062	27,89998817
12-06-2021	27,86001015	27,99001503	28,1199894
13-06-2021	28,11001015	28,26000404	28,43999672
14-06-2021	28,33001137	28,45000648	28,58001137
15-06-2021	28,4699955	28,45000648	28,65999794
16-06-2021	28,52001381	28,54000282	28,74999428
17-06-2021	28,30999184	28,40999794	28,77001381
18-06-2021	28,29000282	28,40999794	28,74001503
19-06-2021	28,23000526	28,39000893	28,74999428
20-06-2021	28,26000404	28,35000038	28,3699894
21-06-2021	28,30999184	28,29000282	28,30001259
22-06-2021	28,27001381	28,29000282	28,37999916
23-06-2021	28,30001259	28,33001137	28,42998695
24-06-2021	28,24001503	28,2199955	28,27999306
25-06-2021	28,02001381	28,02999306	28,11001015
26-06-2021	27,90999794	27,93999672	28,10000038
27-06-2021	27,89000893	27,95000648	28,15999794
28-06-2021	28,1199894	28,11001015	28,27001381
29-06-2021	27,99999428	27,92998695	28,05999184
30-06-2021	27,89998817	27,77999306	27,87999916
01-07-2021	27,77001381	27,60000038	27,64998817
02-07-2021	27,74999428	27,64000893	27,62999916
03-07-2021	27,67998695	27,64000893	27,39998817
04-07-2021	27,52999306	27,58001137	27,67998695
05-07-2021	27,42998695	27,54000282	27,7199955
06-07-2021	27,24999428	27,40999794	27,73000526
07-07-2021	27,17000771	27,36001015	27,77999306
08-07-2021	27,4699955	27,65999794	27,99999428
09-07-2021	27,54000282	27,70998573	28,0700016
10-07-2021	27,40999794	27,58999062	27,87999916
11-07-2021	27,3699894	27,52001381	27,77999306
12-07-2021	27,14998817	27,33999062	27,58999062
13-07-2021	27,12999916	27,29000282	27,42998695
14-07-2021	27,17998695	27,36001015	27,64000893
15-07-2021	27,15999794	27,2199955	27,45000648
16-07-2021	26,93999672	27,05001259	27,29000282
17-07-2021	26,80999184	26,93999672	27,17998695
18-07-2021	26,87999916	26,95000648	27,05999184
19-07-2021	26,8200016	26,95000648	27,14998817
20-07-2021	26,74001503	26,80001259	26,90999794
21-07-2021	26,85000038	26,93999672	26,90999794
22-07-2021	26,98000526	27,05999184	27,14998817
23-07-2021	26,89000893	26,93999672	27,08999062
24-07-2021	26,80001259	26,85000038	27,01000404
25-07-2021	26,64998817	26,70000648	26,8699894
26-07-2021	26,64998817	26,68999672	26,92000771
27-07-2021	26,54000282	26,49999428	26,70998573
28-07-2021	26,65999794	26,55001259	26,76000404
29-07-2021	26,79000282	26,76000404	26,76000404
30-07-2021	26,70000648	26,58999062	26,64998817
31-07-2021	26,67000771	26,62999916	26,77999306
01-08-2021	26,68999672	26,77001381	26,98000526
02-08-2021	26,62999916	26,73000526	27,05001259
03-08-2021	26,61001015	26,77001381	27,01000404
04-08-2021	26,77001381	26,90999794	27,1199894
05-08-2021	26,74999428	26,90999794	27,24999428
06-08-2021	26,80999184	26,99001503	27,3200016
07-08-2021	26,80999184	26,98000526	27,39998817
08-08-2021	26,87999916	26,99999428	27,30001259
09-08-2021	26,7199955	26,87999916	27,24999428
10-08-2021	26,6199894	26,79000282	27,12999916
11-08-2021	26,67000771	26,80999184	27,0700016
12-08-2021	26,60000038	26,70000648	26,90999794
13-08-2021	26,67998695	26,80999184	27,04000282
14-08-2021	26,61001015	26,74001503	26,8699894
15-08-2021	26,39998817	26,58999062	26,89000893
16-08-2021	26,35000038	26,48000526	26,65999794
17-08-2021	26,55999184	26,80999184	26,64998817
18-08-2021	26,7199955	26,86001015	26,77999306
19-08-2021	26,55999184	26,67998695	26,7199955
20-08-2021	26,74999428	26,93999672	27,08001137
21-08-2021	26,67998695	26,92998695	27,08001137
22-08-2021	26,64000893	26,89998817	27,04000282
23-08-2021	26,60000038	26,8699894	26,9699955
24-08-2021	26,43999672	26,68999672	26,99999428
25-08-2021	26,18999672	26,39998817	26,64000893
26-08-2021	26,12999916	26,33001137	26,67000771
27-08-2021	26,29000282	26,45998573	26,70998573
28-08-2021	26,40999794	26,4699955	26,58999062
29-08-2021	26,17998695	26,26000404	26,52001381
30-08-2021	26,42000771	26,5700016	26,77001381
31-08-2021	26,29000282	26,54000282	26,77999306
01-09-2021	26,27001381	26,48000526	26,67998695
02-09-2021	26,49001503	26,62999916	26,80001259
03-09-2021	26,49999428	26,68999672	27,12999916
04-09-2021	26,6199894	26,83001137	27,30001259
05-09-2021	26,67000771	26,90999794	27,29000282
06-09-2021	26,67000771	26,87999916	27,37999916
07-09-2021	26,61001015	26,74001503	27,23000526
08-09-2021	26,54000282	26,7199955	27,27001381
09-09-2021	26,33001137	26,5700016	27,23000526
10-09-2021	26,37999916	26,62999916	27,27001381
11-09-2021	26,51000404	26,74999428	27,36001015
12-09-2021	26,3699894	26,61001015	27,15999794
13-09-2021	26,55999184	26,85000038	27,43999672
14-09-2021	26,62999916	26,90999794	27,42998695
15-09-2021	26,6199894	26,87999916	27,39000893
16-09-2021	26,67000771	26,92000771	27,05001259
17-09-2021	26,62999916	26,86001015	27,15999794
18-09-2021	26,54000282	26,77001381	27,08001137
19-09-2021	26,52999306	26,74999428	27,05999184
20-09-2021	26,55001259	26,80999184	27,23000526
21-09-2021	26,58001137	26,80999184	27,08999062
22-09-2021	26,85000038	26,99999428	27,27001381
23-09-2021	27,04000282	27,18999672	27,39000893
24-09-2021	26,89000893	27,04000282	27,27001381
25-09-2021	26,87999916	27,02999306	27,30999184
26-09-2021	26,99999428	27,20000648	27,49999428
27-09-2021	26,68999672	26,93999672	27,30001259
28-09-2021	26,55999184	26,77999306	27,11001015
29-09-2021	26,29000282	26,65999794	27,12999916
30-09-2021	26,42998695	26,64000893	26,90999794
01-10-2021	26,60000038	26,89998817	27,33001137
02-10-2021	26,8200016	27,05999184	27,37999916
03-10-2021	27,11001015	27,29000282	27,62999916
04-10-2021	27,14000893	27,30999184	27,76000404
05-10-2021	27,04000282	27,24999428	27,80001259
06-10-2021	26,89998817	27,14998817	27,79000282
07-10-2021	26,70998573	26,89998817	27,3699894
08-10-2021	26,40999794	26,52999306	26,73000526
09-10-2021	26,48000526	26,55999184	26,70998573
10-10-2021	26,45998573	26,40999794	26,58999062
11-10-2021	26,49999428	26,49001503	26,62999916
12-10-2021	26,61001015	26,64000893	26,83999062
13-10-2021	26,74999428	26,76000404	26,95998573
14-10-2021	26,95000648	26,93999672	27,02001381
15-10-2021	27,24001503	27,26000404	27,37999916
16-10-2021	27,29000282	27,29000282	27,4699955
17-10-2021	27,43999672	27,45998573	27,65999794
18-10-2021	27,6199894	27,73000526	28,02001381
19-10-2021	27,92000771	28,01000404	28,3699894
20-10-2021	28,2199955	28,24001503	28,51000404
21-10-2021	28,24001503	28,14000893	28,27999306
22-10-2021	28,05999184	27,99999428	28,23000526
23-10-2021	27,98000526	27,90999794	28,11001015
24-10-2021	28,08001137	28,0700016	28,05001259
25-10-2021	28,12999916	28,11001015	28,14000893
26-10-2021	28,08001137	28,1199894	28,17000771
27-10-2021	28,05001259	28,08001137	28,18999672
28-10-2021	28,12999916	28,14000893	28,20998573
29-10-2021	28,27999306	28,33999062	28,39998817
30-10-2021	28,24999428	28,3200016	28,39998817
31-10-2021	28,17998695	28,24999428	28,40999794
01-11-2021	28,55001259	28,6199894	28,8200016
02-11-2021	28,58001137	28,62999916	28,8699894
03-11-2021	28,43999672	28,48000526	28,79000282
04-11-2021	28,49001503	28,55999184	28,83001137
05-11-2021	28,49001503	28,5700016	28,8200016
06-11-2021	28,61001015	28,70000648	29,02001381
07-11-2021	28,68999672	28,74999428	28,90999794
08-11-2021	29,05999184	29,04000282	29,1199894
09-11-2021	29,08999062	29,08999062	29,18999672
10-11-2021	29,33001137	29,35000038	29,51000404
11-11-2021	29,30999184	29,36001015	29,48000526
12-11-2021	29,20000648	29,26000404	29,3699894
13-11-2021	29,10000038	29,14000893	29,23000526
14-11-2021	29,02999306	29,05999184	29,14000893
15-11-2021	29,04000282	29,10000038	29,20998573
16-11-2021	29,11001015	29,20000648	29,33001137
17-11-2021	29,3699894	29,42000771	29,49999428
18-11-2021	29,27999306	29,36001015	29,39998817
19-11-2021	29,12999916	29,20000648	29,24999428
20-11-2021	29,14000893	29,20000648	29,24001503
21-11-2021	29,1199894	29,17998695	29,23000526
22-11-2021	29,3699894	29,45000648	29,52001381
23-11-2021	29,45998573	29,55999184	29,60000038
24-11-2021	29,42998695	29,49001503	29,52001381
25-11-2021	29,51000404	29,55999184	29,61001015
26-11-2021	29,52999306	29,58999062	29,70000648
27-11-2021	29,43999672	29,45998573	29,55999184
28-11-2021	29,42000771	29,45000648	29,55001259
29-11-2021	29,42000771	29,45000648	29,54000282
30-11-2021	29,37999916	29,42000771	29,48000526
01-12-2021	29,33999062	29,37999916	29,42998695
02-12-2021	29,26000404	29,27001381	29,33001137
03-12-2021	29,26000404	29,24999428	29,27001381
04-12-2021	29,20000648	29,24001503	29,24999428
05-12-2021	29,17000771	29,18999672	29,2199955
06-12-2021	29,15999794	29,17000771	29,20000648
07-12-2021	29,2199955	29,26000404	29,30001259
08-12-2021	29,23000526	29,26000404	29,30001259
09-12-2021	29,20000648	29,20998573	29,30999184
10-12-2021	29,3200016	29,3200016	29,39000893
11-12-2021	29,3699894	29,30001259	29,45000648
12-12-2021	29,17998695	29,17998695	29,26000404
13-12-2021	29,36001015	29,3200016	29,24999428
14-12-2021	29,30001259	29,24001503	29,17000771
15-12-2021	29,24001503	29,20998573	29,20000648
16-12-2021	29,39000893	29,3200016	29,33001137
17-12-2021	29,26000404	29,24999428	29,3699894
18-12-2021	29,37999916	29,35000038	29,39998817
19-12-2021	29,40999794	29,3699894	29,42000771
20-12-2021	29,70000648	29,70998573	29,77001381
21-12-2021	29,70998573	29,7199955	29,77999306
22-12-2021	29,61001015	29,5700016	29,58001137
23-12-2021	29,64000893	29,6199894	29,64998817
24-12-2021	29,67000771	29,67998695	29,70998573
25-12-2021	29,70998573	29,73000526	29,76000404
26-12-2021	29,55999184	29,55999184	29,64000893
27-12-2021	29,45998573	29,43999672	29,52999306
28-12-2021	29,4699955	29,45000648	29,51000404
29-12-2021	29,58999062	29,52001381	29,55999184
30-12-2021	29,48000526	29,40999794	29,40999794
31-12-2021	29,49001503	29,43999672	29,52001381
01-01-2022	29,29000282	29,23000526	29,27999306
02-01-2022	29,23000526	29,17000771	29,18999672
03-01-2022	29,2199955	29,15999794	29,14998817
04-01-2022	29,26000404	29,20000648	29,17998695
05-01-2022	29,20998573	29,14000893	29,11001015
06-01-2022	29,17998695	29,12999916	29,10000038
07-01-2022	29,2199955	29,1199894	29,20000648
08-01-2022	29,24999428	29,27001381	29,43999672
09-01-2022	29,17998695	29,17998695	29,30001259
10-01-2022	29,36001015	29,27001381	29,27999306
11-01-2022	29,45000648	29,36001015	29,33001137
12-01-2022	29,30001259	29,20998573	29,20998573
13-01-2022	29,27999306	29,23000526	29,23000526
14-01-2022	29,26000404	29,20998573	29,2199955
15-01-2022	29,05999184	29,02999306	29,05001259
16-01-2022	29,10000038	29,04000282	29,04000282
17-01-2022	29,17000771	29,11001015	29,05001259
18-01-2022	29,17998695	29,11001015	29,0700016
19-01-2022	29,15999794	29,08999062	29,05001259
20-01-2022	29,30999184	29,24001503	29,2199955
21-01-2022	29,33001137	29,27999306	29,27001381
22-01-2022	29,3200016	29,27001381	29,24001503
23-01-2022	29,30999184	29,24001503	29,17998695
24-01-2022	29,26000404	29,23000526	29,20998573
25-01-2022	29,26000404	29,20998573	29,20998573
26-01-2022	29,26000404	29,18999672	29,2199955
27-01-2022	29,2199955	29,17000771	29,17000771
28-01-2022	29,14998817	29,08999062	29,04000282
29-01-2022	29,20998573	29,14000893	29,08001137
30-01-2022	29,30001259	29,26000404	29,2199955
31-01-2022	29,30001259	29,24999428	29,2199955
01-02-2022	29,2199955	29,17000771	29,10000038
02-02-2022	29,39998817	29,3200016	29,17998695
03-02-2022	29,20000648	29,15999794	29,08001137
04-02-2022	29,1199894	29,0700016	28,98000526
05-02-2022	29,27999306	29,20000648	29,10000038
06-02-2022	29,27001381	29,14998817	29,01000404
07-02-2022	29,26000404	29,17000771	29,08999062
08-02-2022	29,33001137	29,24999428	29,17000771
09-02-2022	29,3200016	29,29000282	29,24999428
10-02-2022	29,33001137	29,29000282	29,24999428
11-02-2022	29,30999184	29,29000282	29,24999428
12-02-2022	29,18999672	29,12999916	29,01000404
13-02-2022	29,05999184	28,99001503	28,90999794
14-02-2022	29,08999062	29,04000282	28,95998573
15-02-2022	29,26000404	29,20000648	29,17998695
16-02-2022	29,36001015	29,33999062	29,35000038
17-02-2022	29,42998695	29,35000038	29,20998573
18-02-2022	29,55999184	29,37999916	29,14998817
19-02-2022	29,29000282	29,14000893	29,08999062
20-02-2022	29,70998573	29,5700016	29,33001137
21-02-2022	29,70998573	29,55999184	29,33001137
22-02-2022	29,52999306	29,39998817	29,18999672
23-02-2022	29,05001259	28,90999794	28,70998573
24-02-2022	29,11001015	29,02001381	28,86001015
25-02-2022	29,20000648	29,02001381	28,77999306
26-02-2022	29,23000526	29,05999184	28,85000038
27-02-2022	29,15999794	29,02001381	28,92000771
28-02-2022	29,12999916	28,99001503	28,86001015
01-03-2022	29,29000282	29,14998817	28,99001503
02-03-2022	29,26000404	29,11001015	28,95998573
03-03-2022	29,33001137	29,20998573	29,05001259
04-03-2022	29,4699955	29,33001137	29,15999794
05-03-2022	29,37999916	29,24999428	29,14000893
06-03-2022	29,49001503	29,3699894	29,23000526
07-03-2022	29,42998695	29,30001259	29,20000648
08-03-2022	29,40999794	29,30999184	29,20000648
09-03-2022	29,64000893	29,49999428	29,39000893
10-03-2022	29,67998695	29,55999184	29,5700016
11-03-2022	29,5700016	29,48000526	29,43999672
12-03-2022	29,65999794	29,4699955	29,18999672
13-03-2022	29,8200016	29,70998573	29,4699955
14-03-2022	29,76000404	29,64998817	29,39998817
15-03-2022	29,70998573	29,54000282	29,30999184
16-03-2022	29,60000038	29,4699955	29,23000526
17-03-2022	29,86001015	29,70000648	29,39998817
18-03-2022	29,87999916	29,67998695	29,39000893
19-03-2022	29,65999794	29,45998573	29,17000771
20-03-2022	29,6199894	29,42998695	29,17000771
21-03-2022	29,49001503	29,30001259	29,02999306
22-03-2022	29,39998817	29,2199955	28,9699955
23-03-2022	29,33001137	29,20000648	29,01000404
24-03-2022	29,64998817	29,58001137	29,42998695
25-03-2022	29,89998817	29,80999184	29,80999184
26-03-2022	29,70998573	29,6199894	29,74001503
27-03-2022	29,9699955	29,93999672	30,05001259
28-03-2022	29,86001015	29,79000282	29,83999062
29-03-2022	29,77001381	29,70000648	29,7199955
30-03-2022	29,73000526	29,68999672	29,70998573
31-03-2022	29,8200016	29,83001137	29,77999306
01-04-2022	29,85000038	29,86001015	29,80001259
02-04-2022	29,74999428	29,74001503	29,68999672
03-04-2022	29,74999428	29,73000526	29,67000771
04-04-2022	29,89998817	29,87999916	29,86001015
05-04-2022	29,92998695	29,83001137	29,80999184
06-04-2022	29,86001015	29,79000282	29,77999306
07-04-2022	29,73000526	29,68999672	29,67000771
08-04-2022	29,68999672	29,67998695	29,7199955
09-04-2022	29,74999428	29,67998695	29,70000648
10-04-2022	29,80001259	29,77999306	29,8200016
11-04-2022	29,8200016	29,83001137	29,86001015
12-04-2022	29,85000038	29,87999916	29,89998817
13-04-2022	29,83999062	29,8699894	29,80999184
14-04-2022	29,92000771	29,95000648	29,87999916
15-04-2022	29,87999916	29,8699894	29,80001259
16-04-2022	29,99999428	29,9699955	29,85000038
17-04-2022	29,60000038	29,55999184	29,49001503
18-04-2022	29,73000526	29,70000648	29,55001259
19-04-2022	29,61001015	29,60000038	29,49999428
20-04-2022	29,52001381	29,4699955	29,3699894
21-04-2022	29,5700016	29,54000282	29,45998573
22-04-2022	29,42000771	29,33999062	29,20000648
23-04-2022	29,55999184	29,45998573	29,26000404
24-04-2022	29,52999306	29,43999672	29,23000526
25-04-2022	29,4699955	29,39000893	29,14000893
26-04-2022	29,42000771	29,33999062	29,12999916
27-04-2022	29,27001381	29,23000526	29,0700016
28-04-2022	29,24999428	29,2199955	29,0700016
29-04-2022	29,24999428	29,20000648	29,0700016
30-04-2022	29,42998695	29,33999062	29,0700016
01-05-2022	29,43999672	29,39998817	29,23000526
02-05-2022	29,45998573	29,42998695	29,36001015
03-05-2022	29,51000404	29,51000404	29,52001381
04-05-2022	29,2199955	29,11001015	29,11001015
05-05-2022	29,11001015	29,05001259	29,12999916
06-05-2022	29,0700016	28,92998695	28,77999306
07-05-2022	29,08999062	28,99999428	28,83999062
08-05-2022	29,08999062	28,99999428	28,86001015
09-05-2022	29,10000038	29,02999306	28,98000526
10-05-2022	29,24999428	29,20998573	29,11001015
11-05-2022	29,17000771	29,17000771	29,20998573
12-05-2022	29,02001381	29,02999306	29,08999062
13-05-2022	29,0700016	29,08001137	29,10000038
14-05-2022	29,23000526	29,2199955	29,26000404
15-05-2022	29,37999916	29,29000282	29,30999184
16-05-2022	29,40999794	29,39000893	29,48000526
17-05-2022	29,52001381	29,55001259	29,65999794
18-05-2022	29,45000648	29,4699955	29,5700016
19-05-2022	29,37999916	29,39998817	29,49999428
20-05-2022	29,54000282	29,61001015	29,80001259
21-05-2022	29,3699894	29,39998817	29,67000771
22-05-2022	29,45998573	29,48000526	29,65999794
23-05-2022	29,45998573	29,43999672	29,62999916
24-05-2022	29,37999916	29,35000038	29,55999184
25-05-2022	29,39998817	29,4699955	29,68999672
26-05-2022	29,40999794	29,48000526	29,68999672
27-05-2022	29,43999672	29,49001503	29,67000771
28-05-2022	29,3699894	29,43999672	29,55999184
29-05-2022	29,2199955	29,23000526	29,40999794
30-05-2022	29,20998573	29,2199955	29,36001015
31-05-2022	29,18999672	29,14998817	29,30999184
01-06-2022	29,15999794	29,12999916	29,20998573
02-06-2022	29,29000282	29,3200016	29,42998695
03-06-2022	29,24001503	29,26000404	29,42998695
04-06-2022	29,26000404	29,33999062	29,49001503
05-06-2022	29,23000526	29,30999184	29,42998695
06-06-2022	29,05999184	29,14000893	29,2199955
07-06-2022	29,17000771	29,15999794	29,20998573
08-06-2022	29,01000404	29,02999306	29,15999794
09-06-2022	28,95000648	28,95998573	29,10000038
10-06-2022	28,98000526	29,02001381	29,1199894
11-06-2022	28,92998695	29,01000404	29,05999184
12-06-2022	29,04000282	29,08999062	29,08001137
13-06-2022	29,02001381	29,05001259	29,0700016
14-06-2022	28,68999672	28,70000648	28,77001381
15-06-2022	28,67000771	28,70000648	28,76000404
16-06-2022	28,92000771	28,8699894	28,70000648
17-06-2022	28,74999428	28,73000526	28,62999916
18-06-2022	28,52999306	28,5700016	28,52999306
19-06-2022	28,45000648	28,48000526	28,62999916
20-06-2022	28,49999428	28,49001503	28,58001137
21-06-2022	28,30001259	28,33999062	28,39000893
22-06-2022	28,2199955	28,20998573	28,12999916
23-06-2022	28,20000648	28,12999916	28,05999184
24-06-2022	27,95000648	27,92998695	28,02001381
25-06-2022	27,95000648	27,99001503	28,14000893
26-06-2022	27,98000526	28,05999184	28,20000648
27-06-2022	27,99999428	28,15999794	28,42000771
28-06-2022	27,90999794	28,04000282	28,35000038
29-06-2022	27,7199955	27,89998817	28,14000893
30-06-2022	27,52999306	27,65999794	27,95000648
01-07-2022	27,55999184	27,64000893	27,95998573
02-07-2022	27,6199894	27,74001503	27,99999428
03-07-2022	27,5700016	27,73000526	28,02999306
04-07-2022	27,62999916	27,70998573	27,89998817
05-07-2022	27,6199894	27,73000526	27,74001503
06-07-2022	27,42000771	27,54000282	27,70000648
07-07-2022	27,18999672	27,42000771	27,65999794
08-07-2022	26,83999062	27,11001015	27,4699955
09-07-2022	26,8200016	27,17000771	27,49999428
10-07-2022	26,77999306	27,01000404	27,33999062
11-07-2022	26,73000526	26,93999672	27,23000526
12-07-2022	26,83001137	26,99999428	27,27001381
13-07-2022	26,64000893	26,85000038	27,24999428
14-07-2022	26,45000648	26,55001259	27,08999062
15-07-2022	26,45000648	26,64998817	27,08001137
16-07-2022	26,61001015	26,92000771	27,30001259
17-07-2022	26,65999794	26,89998817	27,3200016
18-07-2022	26,51000404	26,74999428	27,02999306
19-07-2022	26,60000038	26,80001259	27,26000404
20-07-2022	26,58999062	26,83001137	27,3200016
21-07-2022	26,39000893	26,60000038	27,02999306
22-07-2022	26,42998695	26,60000038	27,14998817
23-07-2022	26,70000648	26,92998695	27,49001503
24-07-2022	26,77001381	27,02001381	27,4699955
25-07-2022	26,49999428	26,86001015	27,49001503
26-07-2022	26,36001015	26,74999428	27,3699894
27-07-2022	26,58999062	26,89998817	27,58999062
28-07-2022	26,51000404	26,85000038	27,4699955
29-07-2022	26,27001381	26,70998573	27,30001259
30-07-2022	26,42000771	26,80001259	27,33999062
31-07-2022	26,39998817	26,67998695	27,24999428
01-08-2022	26,43999672	26,68999672	27,26000404
02-08-2022	26,45000648	26,70998573	27,24001503
03-08-2022	26,64000893	26,8699894	27,17000771
04-08-2022	26,54000282	26,68999672	27,05001259
05-08-2022	26,60000038	26,7199955	26,98000526
06-08-2022	26,4699955	26,60000038	26,8200016
07-08-2022	26,45998573	26,5700016	26,83999062
08-08-2022	26,5700016	26,70998573	26,92998695
09-08-2022	26,58999062	26,70998573	26,90999794
10-08-2022	26,64998817	26,74001503	26,9699955
11-08-2022	26,76000404	26,8699894	27,05001259
12-08-2022	26,80999184	26,8699894	26,9699955
13-08-2022	26,77999306	26,89998817	27,05999184
14-08-2022	27,0700016	27,14000893	27,08999062
15-08-2022	27,17000771	27,20000648	27,29000282
16-08-2022	27,05001259	27,10000038	27,17998695
17-08-2022	26,9699955	27,08001137	27,01000404
18-08-2022	26,79000282	26,90999794	26,89998817
19-08-2022	26,58001137	26,77999306	26,87999916
20-08-2022	26,52001381	26,77999306	27,02001381
21-08-2022	26,3200016	26,62999916	27,02001381
22-08-2022	26,39000893	26,70998573	27,17998695
23-08-2022	26,4699955	26,74001503	27,20000648
24-08-2022	26,55999184	26,80999184	27,26000404
25-08-2022	26,6199894	26,85000038	27,20998573
26-08-2022	26,58001137	26,8200016	27,1199894
27-08-2022	26,24001503	26,49999428	26,95998573
28-08-2022	26,24999428	26,43999672	26,83001137
29-08-2022	26,51000404	26,70000648	27,12999916
30-08-2022	26,6199894	26,83999062	27,30999184
31-08-2022	26,36001015	26,64998817	27,18999672
01-09-2022	26,27999306	26,64000893	27,24999428
02-09-2022	26,23000526	26,6199894	27,27999306
03-09-2022	26,40999794	26,74999428	27,39998817
04-09-2022	26,60000038	26,92000771	27,35000038
05-09-2022	26,52001381	26,8200016	27,17998695
06-09-2022	26,54000282	26,80999184	27,17000771
07-09-2022	26,70998573	26,77001381	26,93999672
08-09-2022	26,73000526	26,80999184	27,02999306
09-09-2022	26,74001503	26,89000893	27,1199894
10-09-2022	26,74999428	26,89000893	27,02999306
11-09-2022	26,68999672	26,79000282	26,99001503
12-09-2022	26,43999672	26,42998695	26,64000893
13-09-2022	26,45998573	26,3200016	26,49001503
14-09-2022	26,49001503	26,45998573	26,61001015
15-09-2022	26,45998573	26,45998573	26,64000893
16-09-2022	26,51000404	26,55001259	26,73000526
17-09-2022	26,37999916	26,49001503	26,85000038
18-09-2022	26,52001381	26,67000771	27,02999306
19-09-2022	26,80999184	26,92998695	27,1199894
20-09-2022	26,79000282	26,95998573	27,2199955
21-09-2022	26,8200016	26,99999428	27,27001381
22-09-2022	26,86001015	27,11001015	27,49001503
23-09-2022	26,9699955	27,20998573	27,58001137
24-09-2022	27,14998817	27,30999184	27,67000771
25-09-2022	27,45998573	27,52001381	27,77001381
26-09-2022	27,42998695	27,48000526	27,79000282
27-09-2022	27,49999428	27,52001381	27,76000404
28-09-2022	27,4699955	27,52999306	27,8200016
29-09-2022	27,43999672	27,4699955	27,43999672
30-09-2022	27,42000771	27,42998695	27,49001503
01-10-2022	27,74001503	27,80999184	27,90999794
02-10-2022	27,8200016	27,89000893	28,01000404
03-10-2022	28,08001137	28,11001015	28,17000771
04-10-2022	28,05001259	28,1199894	28,3699894
05-10-2022	27,85000038	27,86001015	28,05001259
06-10-2022	27,76000404	27,8200016	28,01000404
07-10-2022	27,64998817	27,7199955	27,93999672
08-10-2022	27,83999062	27,93999672	28,14998817
09-10-2022	27,74999428	27,83001137	28,05999184
10-10-2022	27,64000893	27,73000526	27,95000648
11-10-2022	27,64000893	27,74001503	27,99001503
12-10-2022	27,65999794	27,77999306	28,04000282
13-10-2022	27,73000526	27,80999184	28,04000282
14-10-2022	27,3200016	27,48000526	27,74999428
15-10-2022	27,42998695	27,37999916	27,52001381
16-10-2022	27,4699955	27,45998573	27,49999428
17-10-2022	27,4699955	27,49001503	27,60000038
18-10-2022	27,39000893	27,40999794	27,52001381
19-10-2022	27,40999794	27,43999672	27,55001259
20-10-2022	27,37999916	27,42000771	27,70000648
21-10-2022	27,9699955	28,01000404	28,20000648
22-10-2022	28,02999306	28,08001137	28,23000526
23-10-2022	28,40999794	28,45000648	28,68999672
24-10-2022	28,74001503	28,79000282	28,99999428
25-10-2022	28,68999672	28,76000404	28,89998817
26-10-2022	28,3699894	28,42998695	28,60000038
27-10-2022	28,2199955	28,29000282	28,43999672
28-10-2022	28,49001503	28,54000282	28,65999794
29-10-2022	28,42998695	28,42998695	28,52999306
30-10-2022	28,42998695	28,40999794	28,52999306
31-10-2022	28,39998817	28,49999428	28,55999184
01-11-2022	28,55001259	28,58001137	28,58999062
02-11-2022	28,62999916	28,65999794	28,64998817
03-11-2022	28,67000771	28,7199955	28,83001137
04-11-2022	28,86001015	28,99999428	29,14000893
05-11-2022	28,65999794	28,8200016	29,17998695
06-11-2022	28,77001381	28,87999916	29,15999794
07-11-2022	28,8699894	29,02999306	29,29000282
08-11-2022	28,85000038	28,99001503	29,24001503
09-11-2022	28,89998817	29,01000404	29,2199955
10-11-2022	29,05001259	29,14000893	29,17998695
11-11-2022	28,95000648	29,02999306	29,05999184
12-11-2022	28,80999184	28,8699894	28,90999794
13-11-2022	28,95998573	29,05001259	29,15999794
14-11-2022	29,04000282	29,12999916	29,24001503
15-11-2022	28,89000893	28,9699955	29,0700016
16-11-2022	29,05999184	29,10000038	29,17000771
17-11-2022	29,05001259	29,08999062	29,15999794
18-11-2022	29,30001259	29,39000893	29,51000404
19-11-2022	29,15999794	29,2199955	29,27001381
20-11-2022	29,10000038	29,12999916	29,17000771
21-11-2022	29,02999306	29,08999062	29,20998573
22-11-2022	29,05999184	29,08999062	29,2199955
23-11-2022	28,83001137	28,8699894	28,95998573
24-11-2022	28,8200016	28,8699894	28,95000648
25-11-2022	28,8200016	28,8699894	28,95998573
26-11-2022	28,61001015	28,68999672	28,83999062
27-11-2022	28,60000038	28,67000771	28,77999306
28-11-2022	28,74999428	28,79000282	28,87999916
29-11-2022	28,79000282	28,83001137	28,86001015
30-11-2022	28,98000526	29,02001381	29,05999184
01-12-2022	29,02999306	29,05999184	29,08999062
02-12-2022	28,92998695	28,9699955	29,05999184
03-12-2022	29,01000404	29,01000404	28,98000526
04-12-2022	28,92000771	28,95000648	28,90999794
05-12-2022	28,64000893	28,64998817	28,67998695
06-12-2022	28,99001503	29,04000282	29,08999062
07-12-2022	29,20000648	29,2199955	29,27001381
08-12-2022	29,26000404	29,23000526	29,20998573
09-12-2022	29,24001503	29,20998573	29,17000771
10-12-2022	29,2199955	29,20000648	29,17998695
11-12-2022	28,89998817	28,9699955	29,02001381
12-12-2022	28,89998817	28,95000648	29,02001381
13-12-2022	29,08001137	29,0700016	29,14998817
14-12-2022	29,24999428	29,26000404	29,33001137
15-12-2022	29,60000038	29,61001015	29,62999916
16-12-2022	29,52001381	29,55001259	29,61001015
17-12-2022	29,40999794	29,42000771	29,45998573
18-12-2022	29,4699955	29,52999306	29,61001015
19-12-2022	29,40999794	29,43999672	29,55999184
20-12-2022	29,42998695	29,48000526	29,6199894
21-12-2022	29,49001503	29,55999184	29,74999428
22-12-2022	29,51000404	29,5700016	29,70998573
23-12-2022	29,54000282	29,58001137	29,70998573
24-12-2022	29,55999184	29,58999062	29,70000648
25-12-2022	29,54000282	29,58001137	29,65999794
26-12-2022	29,55001259	29,58001137	29,64000893
27-12-2022	29,39000893	29,3699894	29,33999062
28-12-2022	29,30999184	29,29000282	29,27999306
29-12-2022	29,30999184	29,27999306	29,27001381
30-12-2022	29,23000526	29,20998573	29,17000771
31-12-2022	28,99001503	28,95000648	28,89998817
01-01-2023	28,79000282	28,74999428	28,70998573
02-01-2023	28,77001381	28,73000526	28,68999672
03-01-2023	28,73000526	28,67998695	28,58001137
04-01-2023	28,70000648	28,67000771	28,58999062
05-01-2023	28,64998817	28,58001137	28,5700016
06-01-2023	28,7199955	28,64000893	28,64000893
07-01-2023	28,8200016	28,74999428	28,73000526
08-01-2023	28,68999672	28,64000893	28,64000893
09-01-2023	28,68999672	28,67998695	28,76000404
10-01-2023	28,7199955	28,68999672	28,74999428
11-01-2023	28,58999062	28,60000038	28,67998695
12-01-2023	28,67000771	28,64000893	28,64998817
13-01-2023	28,70998573	28,65999794	28,62999916
14-01-2023	28,70998573	28,64998817	28,58001137
15-01-2023	28,64998817	28,58001137	28,52999306
16-01-2023	28,74001503	28,70000648	28,6199894
17-01-2023	28,73000526	28,70000648	28,64000893
18-01-2023	28,70998573	28,74999428	28,70998573
19-01-2023	28,7199955	28,68999672	28,58001137
20-01-2023	28,79000282	28,76000404	28,74001503
21-01-2023	28,93999672	28,92998695	28,83001137
22-01-2023	28,99001503	28,90999794	28,80001259
23-01-2023	29,05999184	28,98000526	28,86001015
24-01-2023	28,9699955	28,83001137	28,68999672
25-01-2023	29,12999916	29,02999306	28,95998573
26-01-2023	28,89000893	28,8200016	28,80001259
27-01-2023	28,76000404	28,77001381	28,8200016
28-01-2023	28,77999306	28,77001381	28,83001137
29-01-2023	28,65999794	28,65999794	28,73000526
30-01-2023	28,64998817	28,65999794	28,7199955
31-01-2023	28,58001137	28,58999062	28,64998817
01-02-2023	28,51000404	28,51000404	28,58001137
02-02-2023	28,48000526	28,49001503	28,52999306
03-02-2023	28,49001503	28,49001503	28,54000282
04-02-2023	28,45998573	28,45998573	28,51000404
05-02-2023	28,42998695	28,45998573	28,51000404
06-02-2023	28,40999794	28,42998695	28,49999428
07-02-2023	28,35000038	28,36001015	28,39000893
08-02-2023	28,40999794	28,42998695	28,48000526
09-02-2023	28,85000038	28,87999916	28,85000038
10-02-2023	28,76000404	28,77001381	28,70998573
11-02-2023	28,70000648	28,70000648	28,62999916
12-02-2023	28,65999794	28,62999916	28,48000526
13-02-2023	28,64000893	28,58999062	28,43999672
14-02-2023	28,58001137	28,51000404	28,36001015
15-02-2023	28,55999184	28,49001503	28,33999062
16-02-2023	28,58001137	28,51000404	28,37999916
17-02-2023	28,52999306	28,4699955	28,35000038
18-02-2023	28,64998817	28,58001137	28,45998573
19-02-2023	28,64998817	28,60000038	28,51000404
20-02-2023	28,64998817	28,60000038	28,52999306
21-02-2023	28,74999428	28,64998817	28,4699955
22-02-2023	28,67000771	28,58999062	28,49001503
23-02-2023	28,43999672	28,3200016	28,23000526
24-02-2023	28,45998573	28,33999062	28,24999428
25-02-2023	28,52999306	28,43999672	28,40999794
26-02-2023	28,52999306	28,45000648	28,40999794
27-02-2023	28,27001381	28,17000771	28,11001015
28-02-2023	28,24999428	28,17000771	28,1199894
01-03-2023	28,30999184	28,24999428	28,20998573
02-03-2023	28,23000526	28,20000648	28,27999306
03-03-2023	28,92998695	28,77999306	28,67000771
04-03-2023	28,83999062	28,70998573	28,62999916
05-03-2023	28,79000282	28,70998573	28,67000771
06-03-2023	28,67000771	28,58999062	28,58001137
07-03-2023	28,74001503	28,65999794	28,60000038
08-03-2023	28,95998573	28,80999184	28,8200016
09-03-2023	28,95998573	28,8200016	28,73000526
10-03-2023	29,11001015	29,01000404	28,8200016
11-03-2023	29,27999306	29,14998817	28,92998695
12-03-2023	29,26000404	29,1199894	28,99999428
13-03-2023	29,3699894	29,27001381	29,0700016
14-03-2023	29,27001381	29,12999916	28,98000526
15-03-2023	29,26000404	29,08001137	28,95000648
16-03-2023	29,3200016	29,14998817	28,93999672
17-03-2023	29,18999672	29,14000893	28,95000648
18-03-2023	28,99001503	28,99999428	29,08999062
19-03-2023	28,92998695	28,83001137	28,80999184
20-03-2023	29,20998573	29,1199894	28,95000648
21-03-2023	29,14000893	29,05999184	28,8699894
22-03-2023	29,24001503	29,12999916	28,74999428
23-03-2023	29,04000282	28,92000771	28,64000893
24-03-2023	28,98000526	28,80999184	28,58001137
25-03-2023	29,05001259	28,90999794	28,80001259
26-03-2023	29,29000282	29,20000648	28,99001503
27-03-2023	28,93999672	28,87999916	28,77999306
28-03-2023	28,85000038	28,77999306	28,68999672
29-03-2023	28,89998817	28,83001137	28,70000648
30-03-2023	28,79000282	28,77999306	28,8200016
31-03-2023	28,7199955	28,77001381	28,70998573
01-04-2023	28,70998573	28,7199955	28,67000771
02-04-2023	28,58001137	28,58999062	28,58999062
03-04-2023	28,49999428	28,51000404	28,54000282
04-04-2023	28,54000282	28,43999672	28,39998817
05-04-2023	28,6199894	28,52999306	28,45998573
06-04-2023	28,67000771	28,65999794	28,62999916
07-04-2023	28,62999916	28,62999916	28,64000893
08-04-2023	28,61001015	28,61001015	28,54000282
09-04-2023	28,80001259	28,76000404	28,65999794
10-04-2023	28,74001503	28,7199955	28,62999916
11-04-2023	28,70000648	28,65999794	28,61001015
12-04-2023	28,83001137	28,76000404	28,62999916
13-04-2023	28,8200016	28,76000404	28,5700016
14-04-2023	28,74001503	28,68999672	28,51000404
15-04-2023	28,73000526	28,64000893	28,58001137
16-04-2023	28,8200016	28,74001503	28,67000771
17-04-2023	28,8699894	28,73000526	28,67998695
18-04-2023	28,64000893	28,52001381	28,52999306
19-04-2023	28,87999916	28,74001503	28,67000771
20-04-2023	28,92998695	28,79000282	28,6199894
21-04-2023	28,70998573	28,58999062	28,40999794
22-04-2023	28,67000771	28,51000404	28,15999794
23-04-2023	28,64000893	28,4699955	28,0700016
24-04-2023	28,68999672	28,58999062	28,17998695
25-04-2023	28,6199894	28,54000282	28,20000648
26-04-2023	28,83999062	28,80001259	28,62999916
27-04-2023	28,74999428	28,83001137	28,70998573
28-04-2023	28,65999794	28,67998695	28,65999794
29-04-2023	28,5700016	28,65999794	28,64998817
30-04-2023	28,6199894	28,67998695	28,77001381
01-05-2023	28,52999306	28,65999794	29,02001381
02-05-2023	28,39998817	28,54000282	28,89998817
03-05-2023	28,36001015	28,60000038	28,95998573
04-05-2023	28,42998695	28,70000648	29,02001381
05-05-2023	28,24999428	28,42998695	28,74999428
06-05-2023	28,04000282	28,17000771	28,51000404
07-05-2023	28,01000404	28,17998695	28,49001503
08-05-2023	27,74999428	27,8699894	28,20998573
09-05-2023	27,68999672	27,79000282	28,08999062
10-05-2023	27,76000404	27,89000893	28,17998695
11-05-2023	27,65999794	27,83999062	28,0700016
12-05-2023	27,7199955	27,87999916	28,11001015
13-05-2023	27,3200016	27,67000771	28,0700016
14-05-2023	27,30001259	27,58001137	28,0700016
15-05-2023	27,26000404	27,49999428	27,99001503
16-05-2023	27,11001015	27,42000771	28,0700016
17-05-2023	27,15999794	27,48000526	28,10000038
18-05-2023	27,2199955	27,42998695	27,77001381
19-05-2023	27,17998695	27,39998817	27,85000038
20-05-2023	27,27001381	27,39998817	27,70998573
21-05-2023	27,23000526	27,37999916	27,5700016
22-05-2023	26,83999062	26,86001015	27,04000282
23-05-2023	26,83001137	26,79000282	26,77001381
24-05-2023	27,01000404	27,01000404	27,05999184
25-05-2023	26,92998695	26,86001015	27,01000404
26-05-2023	27,14998817	27,08001137	27,01000404
27-05-2023	27,30001259	27,24001503	27,11001015
28-05-2023	27,20998573	27,29000282	27,15999794
29-05-2023	27,29000282	27,35000038	27,30001259
30-05-2023	27,33999062	27,42000771	27,4699955
31-05-2023	27,37999916	27,49001503	27,45000648
01-06-2023	27,29000282	27,43999672	27,45998573
02-06-2023	27,27999306	27,39998817	27,52999306
03-06-2023	27,3200016	27,37999916	27,49999428
04-06-2023	27,12999916	27,30001259	27,48000526
05-06-2023	27,23000526	27,3699894	27,5700016
06-06-2023	27,26000404	27,36001015	27,52999306
07-06-2023	27,26000404	27,33001137	27,40999794
08-06-2023	27,20000648	27,30001259	27,39998817
09-06-2023	27,08001137	27,26000404	27,3699894
10-06-2023	27,18999672	27,39000893	27,58999062
11-06-2023	27,20998573	27,42998695	27,51000404
12-06-2023	27,12999916	27,37999916	27,68999672
13-06-2023	27,02001381	27,27999306	27,62999916
14-06-2023	26,98000526	27,26000404	27,65999794
15-06-2023	27,04000282	27,3200016	27,85000038
16-06-2023	27,10000038	27,3699894	27,80999184
17-06-2023	26,74001503	26,99001503	27,58999062
18-06-2023	26,74999428	26,93999672	27,60000038
19-06-2023	26,67998695	26,89998817	27,39998817
20-06-2023	26,90999794	27,1199894	27,60000038
21-06-2023	26,99001503	27,24001503	27,7199955
22-06-2023	26,87999916	27,15999794	27,42998695
23-06-2023	26,68999672	26,98000526	27,27001381
24-06-2023	26,55999184	26,74999428	27,02999306
25-06-2023	26,64998817	26,67000771	26,70000648
26-06-2023	26,77999306	26,85000038	26,77999306
27-06-2023	26,77999306	26,89998817	27,08001137
28-06-2023	26,92998695	27,08999062	27,29000282
29-06-2023	27,05001259	27,20000648	27,39000893
30-06-2023	27,12999916	27,24999428	27,4699955
01-07-2023	27,18999672	27,30001259	27,52001381
02-07-2023	27,05999184	27,20000648	27,37999916
03-07-2023	26,77999306	26,89998817	27,18999672
04-07-2023	26,79000282	26,92000771	27,23000526
05-07-2023	26,90999794	27,05001259	27,33999062
06-07-2023	26,8200016	26,9699955	27,15999794
07-07-2023	26,83001137	26,93999672	27,17998695
08-07-2023	26,74001503	26,90999794	27,2199955
09-07-2023	26,55999184	26,7199955	26,89998817
10-07-2023	26,33999062	26,55001259	26,79000282
11-07-2023	26,26000404	26,39000893	26,64998817
12-07-2023	26,4699955	26,70998573	27,14000893
13-07-2023	26,64998817	26,8699894	27,42998695
14-07-2023	26,33001137	26,61001015	27,20998573
15-07-2023	26,35000038	26,64998817	27,26000404
16-07-2023	26,05001259	26,37999916	26,93999672
17-07-2023	26,2199955	26,49999428	27,08001137
18-07-2023	26,17998695	26,42998695	26,99999428
19-07-2023	26,2199955	26,49999428	27,08999062
20-07-2023	25,90999794	26,20998573	26,55999184
21-07-2023	25,92000771	26,14998817	26,64000893
22-07-2023	25,80999184	26,08999062	26,52999306
23-07-2023	25,76000404	25,98000526	26,52001381
24-07-2023	25,43999672	25,89998817	26,3200016
25-07-2023	25,48000526	25,90999794	26,3699894
26-07-2023	25,45998573	25,80001259	26,3200016
27-07-2023	25,55999184	25,93999672	26,65999794
28-07-2023	25,70000648	26,05001259	26,80999184
29-07-2023	25,87999916	26,23000526	26,92000771
30-07-2023	25,86001015	26,14998817	26,8200016
31-07-2023	25,67000771	25,90999794	26,49001503
01-08-2023	25,7199955	25,92000771	26,33999062
02-08-2023	25,89000893	26,02999306	26,45000648
03-08-2023	25,92000771	25,99999428	26,27999306
04-08-2023	25,89000893	25,99001503	26,26000404
05-08-2023	25,83999062	25,98000526	26,27999306
06-08-2023	25,67998695	25,90999794	26,20000648
07-08-2023	25,3200016	25,49001503	25,68999672
08-08-2023	25,08999062	25,33999062	25,42000771
09-08-2023	25,23000526	25,48000526	25,5700016
10-08-2023	24,9699955	25,35000038	25,77001381
11-08-2023	25,29000282	25,60000038	25,83999062
12-08-2023	25,67998695	25,90999794	26,33001137
13-08-2023	25,89998817	26,10000038	26,4699955
14-08-2023	25,86001015	26,04000282	26,24001503
15-08-2023	25,77999306	25,95000648	26,37999916
16-08-2023	25,70000648	25,89998817	26,45998573
17-08-2023	25,8699894	26,0700016	26,58999062
18-08-2023	25,58999062	25,89000893	26,4699955
19-08-2023	25,58999062	25,8200016	26,3200016
20-08-2023	25,5700016	25,77001381	26,20998573
21-08-2023	25,54000282	25,80999184	26,2199955
22-08-2023	25,3200016	25,74001503	26,0700016
23-08-2023	25,05999184	25,49001503	26,18999672
24-08-2023	25,05999184	25,55001259	26,15999794
25-08-2023	24,99999428	25,45998573	26,11001015
26-08-2023	25,02999306	25,54000282	26,0700016
27-08-2023	24,99001503	25,35000038	25,64000893
28-08-2023	25,2199955	25,42000771	25,70998573
29-08-2023	25,24999428	25,40999794	25,76000404
30-08-2023	25,33001137	25,45998573	25,77999306
31-08-2023	25,20998573	25,33999062	25,7199955
01-09-2023	24,99999428	25,23000526	25,64998817
02-09-2023	24,87999916	25,14998817	25,48000526
03-09-2023	25,18999672	25,48000526	25,95000648
04-09-2023	25,05999184	25,36001015	25,60000038
05-09-2023	24,92000771	25,23000526	25,54000282
06-09-2023	25,08999062	25,4699955	25,54000282
07-09-2023	25,35000038	25,74999428	26,01000404
08-09-2023	24,68999672	25,27001381	25,58001137
09-09-2023	24,9699955	25,3200016	25,54000282
10-09-2023	25,3200016	25,52001381	25,70998573
11-09-2023	25,55999184	25,73000526	26,08001137
12-09-2023	25,67998695	25,90999794	26,30999184
13-09-2023	25,83001137	26,10000038	26,68999672
14-09-2023	25,77999306	26,05001259	26,61001015
15-09-2023	25,43999672	25,68999672	26,39000893
16-09-2023	25,15999794	25,49999428	26,2199955
17-09-2023	25,11001015	25,4699955	26,29000282
18-09-2023	25,27999306	25,51000404	26,0700016
19-09-2023	25,26000404	25,58001137	26,0700016
20-09-2023	25,02001381	25,33001137	25,74999428
21-09-2023	24,89000893	25,18999672	25,45000648
22-09-2023	24,99001503	25,36001015	25,79000282
23-09-2023	25,27001381	25,60000038	26,02001381
24-09-2023	25,55001259	25,8699894	26,3699894
25-09-2023	25,49001503	25,83001137	26,05001259
26-09-2023	25,7199955	26,02999306	26,54000282
27-09-2023	25,70998573	25,95000648	26,51000404
28-09-2023	25,93999672	26,18999672	26,77001381
29-09-2023	25,8200016	26,05999184	26,49999428
30-09-2023	25,92998695	26,17000771	26,74001503
01-10-2023	26,02999306	26,33001137	26,89000893
02-10-2023	25,89998817	26,17998695	26,8200016
03-10-2023	25,90999794	26,29000282	26,92000771
04-10-2023	25,62999916	25,89998817	26,62999916
05-10-2023	25,67000771	25,92000771	26,60000038
06-10-2023	25,4699955	25,80999184	26,58001137
07-10-2023	25,60000038	25,92998695	26,62999916
08-10-2023	25,67000771	26,08999062	26,62999916
09-10-2023	25,70000648	26,01000404	26,48000526
10-10-2023	25,77001381	26,08001137	26,55999184
11-10-2023	25,90999794	26,2199955	26,45000648
12-10-2023	26,04000282	26,35000038	26,86001015
13-10-2023	26,14000893	26,40999794	26,86001015
14-10-2023	26,17000771	26,42000771	26,93999672
15-10-2023	26,0700016	26,24001503	26,67000771
16-10-2023	26,14000893	26,30999184	26,74999428
17-10-2023	26,05001259	26,24999428	26,80999184
18-10-2023	26,17000771	26,39000893	26,89000893
19-10-2023	26,27999306	26,58001137	27,05001259
20-10-2023	26,20998573	26,45998573	27,01000404
21-10-2023	26,24999428	26,67998695	27,11001015
22-10-2023	26,36001015	26,73000526	27,23000526
23-10-2023	26,40999794	26,7199955	27,20998573
24-10-2023	26,3200016	26,6199894	27,05999184
25-10-2023	26,76000404	27,01000404	27,51000404
26-10-2023	26,80001259	27,05001259	27,51000404
27-10-2023	26,64000893	26,92000771	27,64998817
28-10-2023	26,54000282	26,80001259	27,35000038
29-10-2023	26,55001259	26,77999306	27,17998695
30-10-2023	26,61001015	26,70998573	27,08001137
31-10-2023	26,70000648	26,65999794	26,99001503
01-11-2023	26,86001015	26,89000893	27,3200016
02-11-2023	26,99001503	27,10000038	27,65999794
03-11-2023	27,15999794	27,33999062	27,85000038
04-11-2023	27,05999184	27,30001259	27,92000771
05-11-2023	27,1199894	27,33001137	27,6199894
06-11-2023	27,12999916	27,4699955	27,92000771
07-11-2023	27,12999916	27,54000282	28,12999916
08-11-2023	27,37999916	27,74999428	28,52999306
09-11-2023	27,24999428	27,61001015	28,39000893
10-11-2023	27,45998573	27,7199955	28,48000526
11-11-2023	27,42998695	27,73000526	28,61001015
12-11-2023	27,73000526	27,9699955	28,49999428
13-11-2023	27,8200016	28,08999062	28,68999672
14-11-2023	27,8200016	28,02999306	28,43999672
15-11-2023	27,83001137	28,02999306	28,4699955
16-11-2023	27,70998573	27,92000771	28,33001137
17-11-2023	27,8200016	28,01000404	28,37999916
18-11-2023	27,74999428	27,90999794	28,18999672
19-11-2023	27,89000893	28,02999306	28,40999794
20-11-2023	27,83001137	27,87999916	27,92000771
21-11-2023	27,79000282	27,8699894	28,17000771
22-11-2023	27,92998695	28,05001259	28,48000526
23-11-2023	27,83999062	27,99001503	28,39998817
24-11-2023	27,8699894	28,05999184	28,45998573
25-11-2023	27,92998695	28,12999916	28,58001137
26-11-2023	28,18999672	28,39998817	28,83001137
27-11-2023	28,18999672	28,39000893	28,83999062
28-11-2023	28,0700016	28,30999184	28,73000526
29-11-2023	27,99999428	28,17998695	28,49999428
30-11-2023	28,05001259	28,2199955	28,49001503
01-12-2023	28,17998695	28,39000893	28,73000526
02-12-2023	28,05999184	28,30999184	28,67998695
03-12-2023	28,02001381	28,29000282	28,64000893
04-12-2023	28,17000771	28,42998695	28,70000648
05-12-2023	28,17998695	28,37999916	28,70000648
06-12-2023	28,01000404	28,23000526	28,64998817
07-12-2023	27,98000526	28,20998573	28,64000893
08-12-2023	27,95998573	28,12999916	28,42000771
09-12-2023	28,02001381	28,14998817	28,4699955
10-12-2023	28,0700016	28,27001381	28,6199894
11-12-2023	28,30999184	28,39998817	28,64998817
12-12-2023	28,3200016	28,42998695	28,77001381
13-12-2023	28,45998573	28,51000404	28,74999428
14-12-2023	28,52999306	28,54000282	28,93999672
15-12-2023	28,7199955	28,79000282	29,05999184
16-12-2023	28,67998695	28,74999428	29,02001381
17-12-2023	28,70998573	28,76000404	28,99001503
18-12-2023	28,77999306	28,77001381	28,8699894
19-12-2023	28,80001259	28,79000282	28,90999794
20-12-2023	28,80999184	28,8699894	28,90999794
21-12-2023	28,92000771	28,92000771	28,87999916
22-12-2023	28,93999672	28,95000648	28,99999428
23-12-2023	28,9699955	28,95000648	28,95000648
24-12-2023	29,1199894	29,10000038	29,10000038
25-12-2023	29,27001381	29,26000404	29,30999184
26-12-2023	29,42998695	29,42998695	29,4699955
27-12-2023	29,51000404	29,52999306	29,5700016
28-12-2023	29,60000038	29,64000893	29,7199955
29-12-2023	29,5700016	29,58001137	29,5700016
30-12-2023	29,43999672	29,39998817	29,42000771
31-12-2023	29,33001137	29,30999184	29,39998817
01-01-2024	29,17000771	29,20998573	29,3699894
02-01-2024	29,08999062	29,17998695	29,43999672
03-01-2024	29,27999306	29,42000771	29,70998573
04-01-2024	29,23000526	29,39000893	29,70000648
05-01-2024	29,29000282	29,42998695	29,73000526
06-01-2024	29,40999794	29,55001259	29,87999916
07-01-2024	29,42998695	29,5700016	29,86001015
08-01-2024	29,43999672	29,6199894	29,89998817
09-01-2024	29,39998817	29,55001259	29,80001259
10-01-2024	29,54000282	29,64000893	29,80001259
11-01-2024	29,52001381	29,5700016	29,61001015
12-01-2024	29,55001259	29,52001381	29,43999672
13-01-2024	29,64000893	29,61001015	29,64000893
14-01-2024	29,52001381	29,52001381	29,52001381
15-01-2024	29,37999916	29,37999916	29,39998817
16-01-2024	29,17998695	29,17000771	29,14998817
17-01-2024	29,08999062	29,1199894	29,11001015
18-01-2024	29,14000893	29,15999794	29,17998695
19-01-2024	29,10000038	29,11001015	29,14998817
20-01-2024	29,05999184	29,0700016	29,08999062
21-01-2024	29,02001381	29,02999306	29,05999184
22-01-2024	29,05999184	29,14998817	29,2199955
23-01-2024	29,12999916	29,20000648	29,26000404
24-01-2024	29,20998573	29,29000282	29,3699894
25-01-2024	29,14998817	29,24001503	29,33001137
26-01-2024	29,20998573	29,30999184	29,49999428
27-01-2024	29,18999672	29,30999184	29,55001259
28-01-2024	29,08999062	29,24001503	29,49999428
29-01-2024	29,18999672	29,29000282	29,51000404
30-01-2024	29,30001259	29,30999184	29,54000282
31-01-2024	29,4699955	29,55999184	29,77999306
01-02-2024	29,60000038	29,61001015	29,68999672
02-02-2024	29,55999184	29,55999184	29,62999916
03-02-2024	29,51000404	29,49001503	29,5700016
04-02-2024	29,49999428	29,49999428	29,58001137
05-02-2024	29,58999062	29,58001137	29,61001015
06-02-2024	29,58999062	29,55999184	29,52999306
07-02-2024	29,77999306	29,76000404	29,7199955
08-02-2024	29,65999794	29,64000893	29,65999794
09-02-2024	29,67000771	29,6199894	29,67000771
10-02-2024	29,60000038	29,55001259	29,5700016
11-02-2024	29,43999672	29,40999794	29,45998573
12-02-2024	29,52001381	29,48000526	29,52999306
13-02-2024	29,70000648	29,67998695	29,76000404
14-02-2024	29,74999428	29,74001503	29,8699894
15-02-2024	30,02001381	30,02001381	30,01000404
16-02-2024	30,14000893	30,10000038	30,11001015
17-02-2024	30,15999794	30,12999916	30,23000526
18-02-2024	30,2199955	30,17998695	30,24999428
19-02-2024	30,35000038	30,27999306	30,33999062
20-02-2024	30,55999184	30,58999062	30,62999916
21-02-2024	30,58001137	30,52001381	30,55001259
22-02-2024	30,58999062	30,49999428	30,49999428
23-02-2024	30,42998695	30,35000038	30,29000282
24-02-2024	30,42998695	30,36001015	30,29000282
25-02-2024	30,33001137	30,27999306	30,2199955
26-02-2024	30,23000526	30,15999794	30,05001259
27-02-2024	30,14000893	30,10000038	30,02001381
28-02-2024	30,17000771	30,0700016	29,85000038
29-02-2024	30,30001259	30,15999794	29,86001015
01-03-2024	30,17998695	30,05999184	29,80001259
02-03-2024	30,05999184	29,92000771	29,64998817
03-03-2024	30,20000648	29,98000526	29,43999672
04-03-2024	30,18999672	29,95998573	29,64000893
05-03-2024	30,29000282	30,0700016	29,67000771
06-03-2024	30,42998695	30,27999306	30,05999184
07-03-2024	30,18999672	29,99999428	29,5700016
08-03-2024	30,14998817	29,93999672	29,51000404
09-03-2024	30,12999916	29,92998695	29,52999306
10-03-2024	30,10000038	29,92000771	29,54000282
11-03-2024	30,08999062	29,90999794	29,55001259
12-03-2024	30,08001137	29,89998817	29,55999184
13-03-2024	30,02001381	29,86001015	29,5700016
14-03-2024	30,01000404	29,83999062	29,5700016
15-03-2024	30,08999062	29,93999672	29,65999794
16-03-2024	30,17998695	30,05999184	29,85000038
17-03-2024	30,01000404	29,92000771	29,83001137
18-03-2024	29,92000771	29,83999062	29,70998573
19-03-2024	29,92000771	29,83001137	29,7199955
20-03-2024	29,89000893	29,83001137	29,73000526
21-03-2024	29,8699894	29,74999428	29,55999184
22-03-2024	30,02999306	29,89000893	29,74999428
23-03-2024	30,08999062	30,04000282	29,9699955
24-03-2024	30,20998573	30,1199894	30,01000404
25-03-2024	30,17000771	30,02999306	29,89000893
26-03-2024	30,18999672	30,05999184	29,98000526
27-03-2024	30,02001381	29,92000771	29,76000404
28-03-2024	30,02999306	29,86001015	29,55001259
29-03-2024	30,05001259	29,83999062	29,52001381
30-03-2024	30,08001137	29,77001381	29,24001503
31-03-2024	29,9699955	29,7199955	29,27001381
01-04-2024	30,0700016	29,83001137	29,40999794
02-04-2024	30,0700016	29,87999916	29,52999306
03-04-2024	30,05001259	29,79000282	29,08001137
04-04-2024	30,01000404	29,70998573	29,12999916
05-04-2024	30,27001381	30,05001259	29,60000038
06-04-2024	30,12999916	29,99001503	29,70998573
07-04-2024	30,0700016	29,93999672	29,60000038
08-04-2024	29,79000282	29,65999794	29,42998695
09-04-2024	29,4699955	29,39000893	29,39000893
10-04-2024	29,45998573	29,40999794	29,43999672
11-04-2024	29,67000771	29,6199894	29,64000893
12-04-2024	29,93999672	29,87999916	29,85000038
13-04-2024	29,99001503	29,8699894	29,61001015
14-04-2024	29,74001503	29,65999794	29,39000893
15-04-2024	29,55001259	29,49001503	29,23000526
16-04-2024	29,33001137	29,23000526	28,95000648
17-04-2024	29,49001503	29,42000771	29,27999306
18-04-2024	29,24001503	29,18999672	29,30999184
19-04-2024	29,17000771	29,14000893	29,27001381
20-04-2024	29,20000648	29,30001259	29,42998695
21-04-2024	29,10000038	29,24999428	29,39000893
22-04-2024	28,89000893	29,02001381	29,2199955
23-04-2024	28,83999062	28,95000648	29,14000893
24-04-2024	28,74001503	28,83999062	29,01000404
25-04-2024	28,67000771	28,79000282	29,01000404
26-04-2024	28,67000771	28,76000404	28,93999672
27-04-2024	28,61001015	28,60000038	28,74999428
28-04-2024	28,4699955	28,52001381	28,74999428
29-04-2024	28,39998817	28,51000404	28,77001381
30-04-2024	28,39998817	28,61001015	28,8200016
01-05-2024	28,29000282	28,52999306	28,6199894
02-05-2024	28,1199894	28,30999184	28,49001503
03-05-2024	28,05999184	28,17000771	28,45000648
04-05-2024	28,2199955	28,35000038	28,64998817
05-05-2024	28,20000648	28,27001381	28,36001015
06-05-2024	27,86001015	28,01000404	28,36001015
07-05-2024	27,7199955	27,90999794	28,14000893
08-05-2024	27,70000648	27,86001015	28,04000282
09-05-2024	27,58999062	27,39998817	27,45000648
10-05-2024	27,74999428	27,74001503	27,76000404
11-05-2024	27,55001259	27,58999062	27,83001137
12-05-2024	27,17000771	27,39000893	27,76000404
13-05-2024	26,98000526	27,2199955	27,43999672
14-05-2024	27,20000648	27,43999672	27,77999306
15-05-2024	27,02001381	27,17998695	27,43999672
16-05-2024	26,93999672	27,0700016	27,20000648
17-05-2024	27,40999794	27,58999062	27,86001015
18-05-2024	27,23000526	27,45998573	27,85000038
19-05-2024	27,35000038	27,6199894	28,04000282
20-05-2024	27,43999672	27,67000771	28,11001015
21-05-2024	27,15999794	27,49999428	28,05999184
22-05-2024	27,05001259	27,33001137	27,64998817
23-05-2024	27,49001503	27,73000526	28,1199894
24-05-2024	27,3699894	27,52001381	27,77001381
25-05-2024	27,33001137	27,36001015	27,70998573
26-05-2024	27,18999672	27,43999672	27,83999062
27-05-2024	27,36001015	27,52999306	27,89000893
28-05-2024	26,9699955	27,15999794	27,35000038
29-05-2024	27,0700016	27,17000771	27,15999794
30-05-2024	27,24999428	27,37999916	27,6199894
31-05-2024	27,45998573	27,61001015	27,89000893
01-06-2024	27,35000038	27,51000404	27,79000282
02-06-2024	27,43999672	27,5700016	27,7199955
03-06-2024	27,61001015	27,80999184	27,9699955
04-06-2024	27,60000038	27,79000282	28,11001015
05-06-2024	27,5700016	27,77999306	28,11001015
06-06-2024	27,45000648	27,58999062	27,95998573
07-06-2024	27,17000771	27,24999428	27,52999306
08-06-2024	26,99001503	27,14000893	27,45998573
09-06-2024	26,92998695	26,90999794	27,1199894
10-06-2024	26,64998817	26,62999916	26,65999794
11-06-2024	26,60000038	26,60000038	26,70000648
12-06-2024	26,70998573	26,74001503	26,79000282
13-06-2024	26,77999306	26,83999062	26,89000893
14-06-2024	26,73000526	26,77999306	26,8699894
15-06-2024	26,80001259	26,80999184	26,8200016
16-06-2024	26,79000282	26,83001137	26,99001503
17-06-2024	26,92998695	27,02001381	27,17000771
18-06-2024	27,01000404	27,10000038	27,27999306
19-06-2024	27,0700016	27,24999428	27,45000648
20-06-2024	27,20000648	27,43999672	27,62999916
21-06-2024	27,0700016	27,30999184	27,60000038
22-06-2024	27,10000038	27,27001381	27,55999184
23-06-2024	26,77001381	26,90999794	27,2199955
24-06-2024	26,80999184	27,02001381	27,33001137
25-06-2024	26,77001381	26,95998573	27,27001381
26-06-2024	26,85000038	26,95998573	27,10000038
27-06-2024	26,80001259	26,8200016	26,9699955
28-06-2024	26,95000648	26,83999062	27,02999306
29-06-2024	26,99001503	26,95000648	27,14000893
30-06-2024	27,17998695	27,18999672	27,24001503
01-07-2024	27,17000771	27,14998817	27,14000893
02-07-2024	27,1199894	27,18999672	27,29000282
03-07-2024	27,05001259	27,11001015	27,2199955
04-07-2024	26,99999428	27,10000038	27,27001381
05-07-2024	26,87999916	26,95000648	27,20998573
06-07-2024	26,80001259	26,93999672	27,27001381
07-07-2024	26,6199894	26,80001259	27,24001503
08-07-2024	26,64000893	26,74001503	27,01000404
09-07-2024	26,62999916	26,64998817	27,02999306
10-07-2024	26,55001259	26,61001015	27,01000404
11-07-2024	26,49001503	26,60000038	27,05001259
12-07-2024	26,36001015	26,52999306	26,9699955
13-07-2024	26,45998573	26,64998817	26,99999428
14-07-2024	26,35000038	26,60000038	27,01000404
15-07-2024	26,40999794	26,67000771	27,14000893
16-07-2024	26,33999062	26,58001137	26,9699955
17-07-2024	26,45000648	26,68999672	27,15999794
18-07-2024	26,45998573	26,67998695	27,27999306
19-07-2024	26,55999184	26,7199955	27,2199955
20-07-2024	26,45000648	26,62999916	27,14998817
21-07-2024	26,49001503	26,68999672	27,20000648
22-07-2024	26,17000771	26,4699955	27,02999306
23-07-2024	26,55999184	26,79000282	27,17000771
24-07-2024	26,42998695	26,67998695	27,20998573
25-07-2024	26,4699955	26,70998573	27,24999428
26-07-2024	26,3699894	26,61001015	27,14000893
27-07-2024	26,24999428	26,52001381	27,08999062
28-07-2024	26,05001259	26,30999184	26,65999794
29-07-2024	26,02001381	26,20998573	26,67000771
30-07-2024	26,20998573	26,33001137	26,67000771
31-07-2024	26,27999306	26,45998573	26,92000771
01-08-2024	26,55999184	26,7199955	26,98000526
02-08-2024	26,55999184	26,64998817	26,80999184
03-08-2024	26,55999184	26,64000893	26,67998695
04-08-2024	26,60000038	26,62999916	26,6199894
05-08-2024	26,55001259	26,64998817	26,49001503
06-08-2024	26,51000404	26,64000893	26,7199955
07-08-2024	26,3699894	26,5700016	26,92000771
08-08-2024	26,24001503	26,37999916	26,83999062
09-08-2024	26,02999306	26,27999306	26,83999062
10-08-2024	25,64998817	26,08999062	26,54000282
11-08-2024	25,42998695	25,93999672	26,52999306
12-08-2024	25,17998695	25,79000282	26,43999672
13-08-2024	25,65999794	25,99001503	26,29000282
14-08-2024	25,70000648	25,9699955	26,26000404
15-08-2024	26,05999184	26,29000282	26,67000771
16-08-2024	25,8200016	26,10000038	26,52999306
17-08-2024	25,86001015	26,08001137	26,52999306
18-08-2024	25,92000771	26,17000771	26,6199894
19-08-2024	25,9699955	26,14000893	26,55001259
20-08-2024	25,93999672	26,14000893	26,7199955
21-08-2024	25,83999062	26,0700016	26,67000771
22-08-2024	25,87999916	26,14000893	26,4699955
23-08-2024	25,93999672	26,12999916	26,6199894
24-08-2024	25,95000648	26,20000648	26,89000893
25-08-2024	25,99999428	26,30001259	26,70998573
26-08-2024	25,70000648	26,04000282	26,54000282
27-08-2024	25,55999184	25,98000526	26,61001015
28-08-2024	25,85000038	26,14000893	26,51000404
29-08-2024	25,89000893	26,1199894	26,52001381
30-08-2024	25,93999672	26,2199955	26,74001503
31-08-2024	26,0700016	26,35000038	26,83999062
01-09-2024	26,08001137	26,33001137	26,7199955
02-09-2024	26,30999184	26,58999062	27,12999916
03-09-2024	26,15999794	26,39000893	26,80001259
04-09-2024	26,20000648	26,39000893	26,67000771
05-09-2024	26,27001381	26,39998817	26,49001503
06-09-2024	26,36001015	26,42000771	26,33999062
07-09-2024	26,29000282	26,29000282	26,30999184
08-09-2024	26,3699894	26,42000771	26,43999672
09-09-2024	25,99999428	26,18999672	26,30001259
10-09-2024	26,17998695	26,36001015	26,55999184
11-09-2024	26,33001137	26,42998695	26,58001137
12-09-2024	26,42000771	26,51000404	26,68999672
13-09-2024	26,55001259	26,68999672	26,77999306
14-09-2024	26,58001137	26,73000526	26,73000526
15-09-2024	26,89000893	27,0700016	27,24999428
16-09-2024	26,89998817	27,08999062	27,42998695
17-09-2024	26,77001381	26,98000526	27,3200016
18-09-2024	26,70998573	26,89998817	27,30999184
19-09-2024	26,89998817	27,05001259	27,5700016
20-09-2024	27,02001381	27,05999184	27,33001137
21-09-2024	27,23000526	27,27999306	27,17000771
22-09-2024	26,99001503	26,92998695	27,10000038
23-09-2024	27,05001259	27,05001259	27,20998573
24-09-2024	27,11001015	27,17000771	27,08999062
25-09-2024	27,12999916	27,20998573	26,95998573
26-09-2024	27,17000771	27,29000282	27,24999428
27-09-2024	27,39000893	27,51000404	27,52001381
28-09-2024	27,43999672	27,4699955	27,55001259
29-09-2024	27,30001259	27,39000893	27,58001137
30-09-2024	27,24999428	27,42000771	27,76000404
01-10-2024	27,4699955	27,58001137	27,90999794
02-10-2024	27,52001381	27,67000771	27,98000526
03-10-2024	27,49001503	27,70000648	27,93999672
04-10-2024	27,62999916	27,80001259	28,10000038
05-10-2024	27,60000038	27,67998695	27,86001015
06-10-2024	27,49001503	27,62999916	27,73000526
07-10-2024	27,45000648	27,6199894	27,86001015
08-10-2024	27,29000282	27,45998573	27,77999306
09-10-2024	27,12999916	27,42998695	27,86001015
10-10-2024	27,15999794	27,45000648	27,5700016
11-10-2024	27,29000282	27,52001381	27,45000648
12-10-2024	27,36001015	27,52001381	27,58999062
13-10-2024	27,52001381	27,64000893	27,58999062
14-10-2024	27,52001381	27,67998695	27,70998573
15-10-2024	27,5700016	27,76000404	28,05001259
16-10-2024	27,77001381	27,89998817	28,20000648
17-10-2024	27,7199955	27,70998573	28,08999062
18-10-2024	27,70998573	27,58999062	27,87999916
19-10-2024	27,55999184	27,42000771	27,58999062
20-10-2024	27,5700016	27,45000648	27,37999916
21-10-2024	27,58999062	27,58001137	27,62999916
22-10-2024	27,54000282	27,52001381	27,64998817
23-10-2024	27,6199894	27,64000893	27,89000893
24-10-2024	27,48000526	27,4699955	27,80999184
25-10-2024	27,55999184	27,45000648	27,64000893
26-10-2024	27,67000771	27,68999672	27,93999672
27-10-2024	27,89000893	27,89998817	28,08001137
28-10-2024	27,98000526	28,08001137	28,23000526
29-10-2024	28,24999428	28,33001137	28,43999672
30-10-2024	28,49999428	28,52001381	28,64000893
31-10-2024	28,52001381	28,55999184	28,73000526
01-11-2024	28,51000404	28,58001137	28,77999306
02-11-2024	28,58999062	28,58001137	28,86001015
03-11-2024	28,8200016	28,83001137	28,99999428
04-11-2024	29,05999184	29,08001137	29,3200016
05-11-2024	29,11001015	29,14998817	29,36001015
06-11-2024	28,93999672	28,93999672	29,12999916
07-11-2024	28,89000893	28,87999916	29,08999062
08-11-2024	28,74001503	28,70998573	28,83999062
09-11-2024	28,80999184	28,85000038	29,05001259
10-11-2024	29,05001259	29,10000038	29,3200016
11-11-2024	29,1199894	29,14998817	29,33999062
12-11-2024	29,10000038	29,12999916	29,39000893
13-11-2024	29,01000404	29,0700016	29,10000038
14-11-2024	29,23000526	29,23000526	29,2199955
15-11-2024	29,24001503	29,27001381	29,24999428
16-11-2024	29,3200016	29,24001503	29,18999672
17-11-2024	29,4699955	29,43999672	29,49999428
18-11-2024	29,5700016	29,54000282	29,5700016
19-11-2024	29,73000526	29,70000648	29,64000893
20-11-2024	29,86001015	29,95000648	29,93999672
21-11-2024	29,98000526	30,05001259	30,08999062
22-11-2024	29,90999794	29,92998695	30,01000404
23-11-2024	29,92998695	29,9699955	30,02001381
24-11-2024	30,01000404	30,02001381	30,04000282
25-11-2024	29,80001259	29,83001137	29,99999428
26-11-2024	29,8200016	29,95998573	30,12999916
27-11-2024	30,02001381	30,08999062	30,12999916
28-11-2024	30,18999672	30,24001503	30,36001015
29-11-2024	30,27001381	30,40999794	30,61001015
30-11-2024	30,27999306	30,36001015	30,55001259
01-12-2024	30,27001381	30,33999062	30,49999428
02-12-2024	30,18999672	30,26000404	30,39000893
03-12-2024	30,02001381	30,10000038	30,27001381
04-12-2024	29,90999794	30,02001381	30,20998573
05-12-2024	29,8200016	29,93999672	29,99999428
06-12-2024	29,64000893	29,74999428	29,87999916
07-12-2024	29,6199894	29,74999428	29,87999916
08-12-2024	29,55999184	29,67000771	29,80999184
09-12-2024	29,48000526	29,5700016	29,70998573
10-12-2024	29,42998695	29,52999306	29,64998817
11-12-2024	29,3200016	29,39000893	29,45998573
12-12-2024	29,33999062	29,40999794	29,48000526
13-12-2024	29,33999062	29,40999794	29,48000526
14-12-2024	29,33001137	29,39998817	29,45998573
15-12-2024	29,05999184	29,14000893	29,24999428
16-12-2024	29,02001381	29,08999062	29,17000771
17-12-2024	29,02001381	29,08001137	29,15999794
18-12-2024	29,2199955	29,29000282	29,36001015
19-12-2024	29,3699894	29,39998817	29,30001259
20-12-2024	29,04000282	29,05001259	28,99999428
21-12-2024	29,02001381	29,02999306	28,98000526
22-12-2024	29,02999306	29,02999306	28,99999428
23-12-2024	29,18999672	29,20000648	29,14000893
24-12-2024	29,24001503	29,24001503	29,17998695
25-12-2024	29,37999916	29,37999916	29,36001015
26-12-2024	29,33001137	29,33001137	29,3200016
27-12-2024	29,30999184	29,30999184	29,27999306
28-12-2024	29,20998573	29,20000648	29,17000771
29-12-2024	29,20998573	29,20000648	29,17000771
30-12-2024	29,02999306	29,04000282	29,04000282
31-12-2024	29,02001381	28,99001503	28,90999794
01-01-2025	29,08001137	29,05999184	29,02001381
02-01-2025	29,08001137	29,05999184	29,02001381
03-01-2025	29,0700016	29,05001259	29,01000404
04-01-2025	29,04000282	29,02999306	28,98000526
05-01-2025	29,05001259	29,02001381	29,05001259
06-01-2025	29,11001015	29,1199894	29,15999794
07-01-2025	29,17000771	29,17000771	29,24001503
08-01-2025	29,35000038	29,30999184	29,3200016
09-01-2025	29,36001015	29,30999184	29,26000404
10-01-2025	29,33999062	29,30999184	29,24999428
11-01-2025	29,17998695	29,17998695	29,18999672
12-01-2025	29,02001381	29,04000282	29,10000038
13-01-2025	29,01000404	29,02999306	29,0700016
14-01-2025	29,01000404	29,02999306	29,0700016
15-01-2025	29,11001015	29,04000282	29,11001015
16-01-2025	29,04000282	28,99999428	29,05999184
17-01-2025	29,05001259	28,98000526	28,99001503
18-01-2025	29,18999672	29,14998817	29,14998817
19-01-2025	29,27999306	29,24001503	29,2199955
20-01-2025	29,24001503	29,17998695	29,12999916
21-01-2025	29,24001503	29,17000771	29,12999916
22-01-2025	29,23000526	29,17000771	29,11001015
23-01-2025	29,29000282	29,24001503	29,20000648
24-01-2025	29,10000038	29,0700016	29,0700016
25-01-2025	29,0700016	29,02001381	29,05001259
26-01-2025	28,74001503	28,65999794	28,6199894
27-01-2025	28,76000404	28,7199955	28,70000648
28-01-2025	28,73000526	28,70000648	28,67998695
29-01-2025	28,80999184	28,79000282	28,80999184
30-01-2025	29,23000526	29,27999306	29,42000771
31-01-2025	29,12999916	29,15999794	29,23000526
01-02-2025	29,1199894	29,14000893	29,20998573
02-02-2025	29,14998817	29,15999794	29,20000648
03-02-2025	29,14998817	29,15999794	29,18999672
04-02-2025	29,48000526	29,52001381	29,67000771
05-02-2025	29,62999916	29,65999794	29,70998573
06-02-2025	29,49001503	29,49999428	29,52999306
07-02-2025	29,33999062	29,33999062	29,36001015
08-02-2025	29,24999428	29,24999428	29,26000404
09-02-2025	29,29000282	29,27999306	29,27999306
10-02-2025	29,30001259	29,29000282	29,27999306
11-02-2025	29,24999428	29,24001503	29,24999428
12-02-2025	29,17998695	29,2199955	29,3200016
13-02-2025	29,17998695	29,15999794	29,20998573
14-02-2025	29,08001137	29,05999184	29,08999062
15-02-2025	29,10000038	29,08001137	29,08001137
16-02-2025	29,20000648	29,18999672	29,20000648
17-02-2025	29,27001381	29,23000526	29,20000648
18-02-2025	29,27999306	29,27001381	29,18999672
19-02-2025	29,3200016	29,30001259	29,26000404
20-02-2025	29,54000282	29,51000404	29,4699955
21-02-2025	29,33001137	29,29000282	29,20998573
22-02-2025	29,33001137	29,30001259	29,24001503
23-02-2025	29,3699894	29,33001137	29,27999306
24-02-2025	29,49999428	29,45000648	29,37999916
25-02-2025	29,52999306	29,49001503	29,45000648
26-02-2025	29,67000771	29,62999916	29,58999062
27-02-2025	29,67000771	29,62999916	29,58001137
28-02-2025	29,67998695	29,64000893	29,58999062
01-03-2025	29,77999306	29,70998573	29,74001503
02-03-2025	29,93999672	29,89000893	29,89998817
03-03-2025	29,74001503	29,70998573	29,77001381
04-03-2025	29,7199955	29,68999672	29,79000282
05-03-2025	29,52999306	29,49999428	29,43999672
06-03-2025	29,61001015	29,54000282	29,49999428
07-03-2025	29,45998573	29,4699955	29,33999062
08-03-2025	29,60000038	29,55999184	29,43999672
09-03-2025	29,49001503	29,45998573	29,43999672
10-03-2025	29,42998695	29,33001137	29,33001137
11-03-2025	29,6199894	29,55001259	29,45998573
12-03-2025	29,80999184	29,54000282	29,14000893
13-03-2025	29,90999794	29,70000648	29,39998817
14-03-2025	29,77999306	29,55999184	29,30001259
15-03-2025	29,4699955	29,20998573	28,95998573
16-03-2025	29,39998817	29,15999794	28,89998817
17-03-2025	29,36001015	29,14998817	28,93999672
18-03-2025	29,27999306	29,08001137	28,8699894
19-03-2025	29,26000404	29,08001137	28,89998817
20-03-2025	29,24999428	29,10000038	28,9699955
21-03-2025	29,24001503	29,10000038	28,98000526
22-03-2025	28,93999672	28,83999062	28,77999306
23-03-2025	28,95000648	28,85000038	28,79000282
24-03-2025	28,8699894	28,74999428	28,54000282
25-03-2025	28,85000038	28,7199955	28,52999306
26-03-2025	28,8200016	28,68999672	28,52999306
27-03-2025	28,83001137	28,70000648	28,52001381
28-03-2025	29,01000404	28,93999672	28,8699894
29-03-2025	28,99001503	28,93999672	28,89000893
30-03-2025	29,04000282	28,99001503	28,92998695
31-03-2025	29,23000526	29,17000771	29,20000648
01-04-2025	29,26000404	29,24999428	29,20998573
02-04-2025	29,24001503	29,27001381	29,33999062
03-04-2025	29,33999062	29,33999062	29,48000526
04-04-2025	29,48000526	29,45998573	29,49001503
05-04-2025	29,42000771	29,37999916	29,40999794
06-04-2025	29,30999184	29,27999306	29,3699894
07-04-2025	29,42000771	29,39998817	29,4699955
08-04-2025	29,45000648	29,45998573	29,60000038
09-04-2025	29,49999428	29,51000404	29,58999062
10-04-2025	29,67000771	29,70000648	29,7199955
11-04-2025	29,64000893	29,64998817	29,74001503
12-04-2025	29,64000893	29,68999672	29,80999184
13-04-2025	29,8200016	29,77001381	29,74999428
14-04-2025	29,61001015	29,5700016	29,52999306
15-04-2025	29,58999062	29,54000282	29,43999672
16-04-2025	29,65999794	29,55999184	29,48000526
17-04-2025	29,8200016	29,67000771	29,49999428
18-04-2025	29,79000282	29,7199955	29,60000038
19-04-2025	29,49999428	29,42000771	29,33999062
20-04-2025	29,62999916	29,51000404	29,26000404
21-04-2025	29,51000404	29,3699894	28,93999672
22-04-2025	29,64998817	29,52999306	29,11001015
23-04-2025	29,64000893	29,51000404	29,2199955
24-04-2025	29,49001503	29,39998817	29,17000771
25-04-2025	29,45000648	29,33001137	29,14998817
26-04-2025	29,7199955	29,60000038	29,24001503
27-04-2025	29,70998573	29,5700016	29,3699894
28-04-2025	29,64998817	29,49999428	29,27001381
29-04-2025	29,68999672	29,6199894	29,36001015
30-04-2025	29,55999184	29,52999306	29,36001015
01-05-2025	29,52999306	29,52001381	29,37999916
02-05-2025	29,51000404	29,49999428	29,3699894
03-05-2025	29,27001381	29,24999428	29,18999672
04-05-2025	29,33999062	29,33999062	29,30999184
05-05-2025	29,30999184	29,27001381	29,33001137
06-05-2025	29,42998695	29,36001015	29,27001381
07-05-2025	29,27999306	29,20998573	29,12999916
08-05-2025	29,14000893	29,05001259	29,01000404
09-05-2025	29,20000648	29,17998695	29,18999672
10-05-2025	29,15999794	29,14998817	29,18999672
11-05-2025	29,14000893	29,15999794	29,30001259
12-05-2025	29,11001015	29,14998817	29,23000526
13-05-2025	29,05999184	29,08001137	29,15999794
14-05-2025	29,02001381	29,05001259	29,11001015
15-05-2025	28,83999062	28,83001137	28,79000282
16-05-2025	28,77999306	28,8200016	28,86001015
17-05-2025	28,89998817	28,90999794	28,89998817
18-05-2025	28,90999794	28,87999916	28,87999916
19-05-2025	28,68999672	28,70000648	28,7199955
20-05-2025	28,17998695	28,30001259	28,45000648
21-05-2025	28,10000038	28,20000648	28,30999184
22-05-2025	28,02999306	28,11001015	28,27001381
23-05-2025	28,08001137	28,17000771	28,29000282
24-05-2025	28,58001137	28,64000893	28,73000526
25-05-2025	28,65999794	28,7199955	28,60000038
26-05-2025	28,52001381	28,52999306	28,43999672
27-05-2025	28,95998573	28,93999672	28,89998817
28-05-2025	29,33001137	29,36001015	29,35000038
29-05-2025	29,4699955	29,49999428	29,42998695
30-05-2025	29,39998817	29,42998695	29,51000404
31-05-2025	29,33999062	29,36001015	29,42000771
01-06-2025	29,24001503	29,27001381	29,39000893
02-06-2025	29,18999672	29,15999794	29,17000771
03-06-2025	29,40999794	29,3699894	29,27001381
04-06-2025	29,33001137	29,33999062	29,39998817
05-06-2025	29,29000282	29,33999062	29,45000648
06-06-2025	29,23000526	29,24999428	29,42000771
07-06-2025	29,20998573	29,18999672	29,23000526
08-06-2025	29,08999062	29,05001259	29,02001381
09-06-2025	28,9699955	28,95998573	29,02001381
10-06-2025	28,87999916	28,8699894	28,87999916
11-06-2025	28,83001137	28,79000282	28,80001259
12-06-2025	28,74001503	28,70000648	28,7199955
13-06-2025	28,58999062	28,55001259	28,62999916
14-06-2025	28,58999062	28,6199894	28,62999916
15-06-2025	28,54000282	28,58001137	28,62999916
16-06-2025	28,39998817	28,49999428	28,65999794
17-06-2025	28,24001503	28,35000038	28,45998573
18-06-2025	27,95998573	28,1199894	28,42000771
19-06-2025	27,92000771	28,05001259	28,1199894
20-06-2025	27,68999672	27,80001259	27,89998817
21-06-2025	27,67998695	27,80999184	28,04000282
22-06-2025	27,77999306	27,93999672	28,14000893
23-06-2025	27,64998817	27,79000282	28,0700016
24-06-2025	27,67000771	27,86001015	27,9699955
25-06-2025	27,52999306	27,68999672	28,01000404
26-06-2025	27,35000038	27,55001259	27,80999184
27-06-2025	27,39000893	27,55001259	27,87999916
28-06-2025	27,17000771	27,30999184	27,58001137
29-06-2025	27,04000282	27,20000648	27,45998573
30-06-2025	26,85000038	27,15999794	27,39000893
01-07-2025	26,74001503	27,04000282	27,37999916
02-07-2025	26,8699894	27,12999916	27,36001015
03-07-2025	26,85000038	27,08001137	27,40999794
04-07-2025	26,70000648	26,89000893	27,49001503
05-07-2025	26,89998817	27,17000771	27,73000526
06-07-2025	26,9699955	27,26000404	27,77999306
07-07-2025	27,02001381	27,3200016	27,8200016
08-07-2025	26,8699894	27,08999062	27,76000404
09-07-2025	26,8200016	27,05999184	27,65999794
10-07-2025	26,74999428	27,05999184	27,67998695
11-07-2025	26,70998573	26,92998695	27,52001381
12-07-2025	26,42998695	26,77001381	27,45000648
13-07-2025	26,52999306	26,7199955	27,17000771
14-07-2025	26,6199894	26,80999184	27,20000648
15-07-2025	26,60000038	26,8699894	26,93999672
16-07-2025	26,36001015	26,73000526	27,08999062
17-07-2025	26,27001381	26,55999184	26,98000526
18-07-2025	26,2199955	26,42998695	26,74999428
19-07-2025	26,27001381	26,52001381	26,80999184
20-07-2025	26,27999306	26,52999306	26,92000771
21-07-2025	26,20998573	26,42000771	26,87999916
22-07-2025	26,29000282	26,55999184	27,08001137
23-07-2025	26,26000404	26,55999184	26,99001503
24-07-2025	26,20998573	26,42998695	26,83001137
25-07-2025	26,24999428	26,42998695	26,80001259
26-07-2025	26,2199955	26,33001137	26,61001015
27-07-2025	26,27999306	26,3699894	26,67000771
28-07-2025	26,27999306	26,33001137	26,7199955
29-07-2025	26,17000771	26,23000526	26,74999428
30-07-2025	26,20998573	26,36001015	26,8200016
31-07-2025	25,99999428	26,17998695	26,67000771
01-08-2025	26,15999794	26,35000038	26,77001381
02-08-2025	26,10000038	26,37999916	26,70000648
03-08-2025	26,39000893	26,64998817	26,92000771
04-08-2025	26,65999794	26,93999672	27,17998695
05-08-2025	26,70000648	26,98000526	27,33999062
06-08-2025	26,7199955	26,99001503	27,35000038
07-08-2025	26,65999794	26,92000771	27,45998573
08-08-2025	26,77001381	26,99999428	27,35000038
09-08-2025	26,79000282	26,92000771	27,20000648
10-08-2025	26,5700016	26,77999306	27,08999062
11-08-2025	26,7199955	26,86001015	27,08001137
12-08-2025	26,70998573	26,74001503	26,80001259
13-08-2025	26,67000771	26,7199955	26,86001015
14-08-2025	26,39998817	26,45000648	26,51000404
15-08-2025	26,15999794	26,0700016	26,14000893
16-08-2025	26,1199894	26,14998817	26,30999184
17-08-2025	26,23000526	26,27999306	26,37999916
18-08-2025	26,27001381	26,33001137	26,42998695
19-08-2025	26,43999672	26,51000404	26,55001259
20-08-2025	26,49999428	26,5700016	26,70000648
21-08-2025	26,67998695	26,74999428	26,86001015
22-08-2025	26,89000893	26,9699955	27,08999062
23-08-2025	26,80999184	26,89998817	27,08001137
24-08-2025	26,95998573	27,02999306	27,11001015
25-08-2025	27,0700016	27,05001259	26,99999428
26-08-2025	27,01000404	26,99001503	26,98000526
27-08-2025	26,93999672	26,89998817	26,99001503
28-08-2025	26,73000526	26,77999306	26,92000771
29-08-2025	26,4699955	26,4699955	26,67998695
30-08-2025	26,39998817	26,42000771	26,73000526
31-08-2025	26,37999916	26,37999916	26,7199955
01-09-2025			
02-09-2025			
03-09-2025			
04-09-2025			
05-09-2025	27,6	27,5	27,4
06-09-2025	27,7	27,6	27,5
07-09-2025	27,8	27,7	27,6
08-09-2025	27,9	27,8	27,7
09-09-2025	28	27,9	27,8
10-09-2025	28,1	28	27,9
			
			
			
